gidro_num,identifier,dt,temp,temptype
3293,24766,1995-01-30,-24.4,Макс. температура
3293,24766,1995-02-16,-15.7,Макс. температура
3293,24766,1995-03-12,-24.6,Мин. температура
3293,24766,1995-03-28,-7.8,Макс. температура
3293,24766,1995-04-02,-24.6,Мин. температура
3293,24766,1995-04-26,5.2,Макс. температура
3293,24766,1995-06-13,24.1,Макс. температура
3293,24766,1995-06-21,31.5,Макс. температура
3293,24766,1995-07-17,22.6,Макс. температура
3293,24766,1995-08-14,-0.2,Мин. температура
3293,24766,1995-08-26,25.1,Макс. температура
3293,24766,1995-08-26,2.6,Мин. температура
3293,24766,1995-09-27,6.0,Макс. температура
3293,24766,1995-10-05,-13.6,Мин. температура
3293,24766,1995-10-10,1.0,Макс. температура
3293,24766,1995-10-11,-0.5,Макс. температура
3293,24766,1995-11-23,-39.7,Мин. температура
3293,24766,1995-12-22,-48.0,Мин. температура
3293,24766,1995-12-26,-30.2,Макс. температура
3293,24766,1995-12-29,-25.4,Макс. температура
3293,24766,1996-01-11,-44.4,Мин. температура
3293,24766,1996-01-20,-41.2,Макс. температура
3293,24766,1996-02-14,-35.0,Макс. температура
3293,24766,1996-02-18,-50.3,Мин. температура
3293,24766,1996-02-23,-34.8,Мин. температура
3293,24766,1996-02-24,-25.1,Макс. температура
3293,24766,1996-04-14,-0.4,Макс. температура
3293,24766,1996-04-20,-18.0,Мин. температура
3293,24766,1996-04-25,1.7,Макс. температура
3293,24766,1996-05-05,8.7,Макс. температура
3293,24766,1996-05-26,0.8,Мин. температура
3293,24766,1996-09-03,8.6,Макс. температура
3293,24766,1996-09-08,-6.5,Мин. температура
3293,24766,1996-10-02,-3.5,Мин. температура
3293,24766,1996-10-05,1.9,Макс. температура
3293,24766,1996-10-23,-2.3,Макс. температура
3293,24766,1996-10-26,-14.8,Макс. температура
3293,24766,1996-11-19,-16.8,Макс. температура
3293,24766,1996-12-16,-56.7,Мин. температура
3293,24766,1997-01-01,-43.3,Мин. температура
3293,24766,1997-01-06,-41.5,Мин. температура
3293,24766,1997-01-13,-51.3,Мин. температура
3293,24766,1997-02-10,-49.3,Мин. температура
3293,24766,1997-03-01,-41.8,Мин. температура
3293,24766,1997-03-30,-11.9,Макс. температура
3293,24766,1997-04-19,-15.2,Мин. температура
3293,24766,1997-04-29,5.4,Макс. температура
3293,24766,1997-05-31,12.8,Макс. температура
3293,24766,1997-06-26,24.4,Макс. температура
3293,24766,1997-07-02,8.2,Мин. температура
3293,24766,1997-08-14,27.9,Макс. температура
3293,24766,1997-09-07,7.3,Макс. температура
3293,24766,1997-09-15,8.6,Макс. температура
3293,24766,1997-10-12,-23.9,Мин. температура
3293,24766,1997-11-30,-51.2,Мин. температура
3293,24766,1997-12-24,-40.0,Макс. температура
3293,24766,1998-02-03,-51.3,Мин. температура
3293,24766,1998-02-08,-48.8,Мин. температура
3293,24766,1998-02-21,-49.3,Мин. температура
3293,24766,1998-02-25,-33.2,Мин. температура
3293,24766,1998-03-05,-17.2,Макс. температура
3293,24766,1995-01-10,-50.9,Мин. температура
3293,24766,1995-01-20,-52.5,Мин. температура
3293,24766,1995-03-04,-39.6,Мин. температура
3293,24766,1995-04-05,-3.2,Макс. температура
3293,24766,1995-04-25,3.6,Макс. температура
3293,24766,1995-05-01,3.2,Макс. температура
3293,24766,1995-05-12,-4.8,Мин. температура
3293,24766,1995-05-26,0.1,Мин. температура
3293,24766,1995-06-08,5.0,Мин. температура
3293,24766,1995-06-28,28.1,Макс. температура
3293,24766,1995-08-10,10.5,Мин. температура
3293,24766,1995-08-18,7.7,Мин. температура
3293,24766,1995-09-17,5.0,Макс. температура
3293,24766,1995-10-07,-0.2,Макс. температура
3293,24766,1995-11-12,-22.2,Мин. температура
3293,24766,1995-11-13,-31.6,Мин. температура
3293,24766,1995-11-19,-28.4,Макс. температура
3293,24766,1995-12-17,-38.8,Макс. температура
3293,24766,1995-12-26,-43.4,Мин. температура
3293,24766,1996-01-27,-46.9,Мин. температура
3293,24766,1996-02-27,-21.6,Макс. температура
3293,24766,1996-03-05,-39.8,Мин. температура
3293,24766,1996-03-09,-38.3,Мин. температура
3293,24766,1996-03-30,-34.8,Мин. температура
3293,24766,1996-05-14,12.0,Макс. температура
3293,24766,1996-05-29,8.0,Макс. температура
3293,24766,1996-09-11,12.3,Макс. температура
3293,24766,1996-09-13,1.5,Мин. температура
3293,24766,1996-10-11,-1.0,Макс. температура
3293,24766,1996-10-16,-3.8,Макс. температура
3293,24766,1996-11-20,-12.3,Макс. температура
3293,24766,1996-12-28,-38.0,Мин. температура
3293,24766,1997-01-05,-36.5,Макс. температура
3293,24766,1997-03-20,-7.8,Макс. температура
3293,24766,1997-04-04,1.2,Макс. температура
3293,24766,1997-06-03,25.6,Макс. температура
3293,24766,1997-07-20,27.8,Макс. температура
3293,24766,1997-07-26,14.3,Мин. температура
3293,24766,1997-09-08,4.4,Мин. температура
3293,24766,1997-10-02,,Мин. температура
3293,24766,1997-11-23,-47.9,Мин. температура
3293,24766,1997-12-15,-47.1,Мин. температура
3293,24766,1997-12-27,-50.5,Мин. температура
3293,24766,1998-02-07,-35.4,Макс. температура
3293,24766,1998-02-23,-23.0,Макс. температура
3293,24766,1998-03-04,-47.2,Мин. температура
3293,24766,1995-01-22,-51.3,Мин. температура
3293,24766,1995-02-06,-24.6,Макс. температура
3293,24766,1995-02-08,-42.3,Мин. температура
3293,24766,1995-06-05,8.2,Мин. температура
3293,24766,1995-06-15,20.3,Макс. температура
3293,24766,1995-07-03,8.0,Мин. температура
3293,24766,1995-07-30,11.0,Мин. температура
3293,24766,1995-09-02,11.0,Макс. температура
3293,24766,1995-09-18,9.2,Макс. температура
3293,24766,1995-12-07,-36.9,Макс. температура
3293,24766,1995-12-14,-36.8,Макс. температура
3293,24766,1996-01-09,-22.8,Макс. температура
3293,24766,1996-01-25,-48.2,Мин. температура
3293,24766,1996-01-28,-44.8,Мин. температура
3293,24766,1996-02-08,-33.4,Макс. температура
3293,24766,1996-03-21,-17.2,Макс. температура
3293,24766,1996-04-29,-4.7,Мин. температура
3293,24766,1996-05-03,14.6,Макс. температура
3293,24766,1996-09-08,9.7,Макс. температура
3293,24766,1996-09-26,4.8,Макс. температура
3293,24766,1996-11-22,-18.1,Мин. температура
3293,24766,1996-11-27,-15.9,Макс. температура
3293,24766,1996-12-23,-53.9,Мин. температура
3293,24766,1997-01-08,-30.3,Макс. температура
3293,24766,1997-02-15,-45.2,Мин. температура
3293,24766,1997-05-20,-0.4,Мин. температура
3293,24766,1997-07-30,25.5,Макс. температура
3293,24766,1997-08-18,15.4,Мин. температура
3293,24766,1997-09-06,10.8,Макс. температура
3293,24766,1997-09-18,7.7,Макс. температура
3293,24766,1997-10-20,1.4,Макс. температура
3293,24766,1997-11-17,-34.8,Мин. температура
3293,24766,1998-02-10,-30.0,Макс. температура
3293,24766,1998-03-13,-38.8,Мин. температура
3293,24766,1995-02-16,-27.8,Мин. температура
3293,24766,1995-02-28,-17.8,Макс. температура
3293,24766,1995-03-07,-11.3,Макс. температура
3293,24766,1995-03-07,-28.4,Мин. температура
3293,24766,1995-03-11,-10.4,Макс. температура
3293,24766,1995-04-06,-4.2,Макс. температура
3293,24766,1995-04-08,-30.1,Мин. температура
3293,24766,1995-05-23,12.3,Макс. температура
3293,24766,1995-06-26,31.5,Макс. температура
3293,24766,1995-08-11,12.5,Макс. температура
3293,24766,1995-09-05,18.8,Макс. температура
3293,24766,1995-09-19,14.4,Макс. температура
3293,24766,1995-12-17,-45.9,Мин. температура
3293,24766,1995-12-23,-45.7,Макс. температура
3293,24766,1996-01-08,-30.2,Макс. температура
3293,24766,1996-01-22,-49.3,Мин. температура
3293,24766,1996-01-23,-53.4,Мин. температура
3293,24766,1996-03-13,-26.6,Мин. температура
3293,24766,1996-03-27,-31.4,Мин. температура
3293,24766,1996-04-22,2.7,Макс. температура
3293,24766,1996-05-21,11.0,Макс. температура
3293,24766,1996-09-15,16.2,Макс. температура
3293,24766,1996-10-01,-6.5,Мин. температура
3293,24766,1996-10-13,-4.8,Мин. температура
3293,24766,1996-11-30,-23.0,Макс. температура
3293,24766,1996-12-25,-41.0,Макс. температура
3293,24766,1996-12-25,-48.4,Мин. температура
3293,24766,1997-03-22,-24.1,Мин. температура
3293,24766,1997-03-23,-10.8,Макс. температура
3293,24766,1997-04-15,-15.0,Мин. температура
3293,24766,1997-04-23,-3.8,Мин. температура
3293,24766,1997-05-15,14.6,Макс. температура
3293,24766,1997-08-06,19.4,Мин. температура
3293,24766,1997-08-17,20.2,Мин. температура
3293,24766,1997-09-02,11.8,Макс. температура
3293,24766,1997-09-04,17.2,Макс. температура
3293,24766,1997-10-25,-8.8,Макс. температура
3293,24766,1997-12-03,-45.0,Макс. температура
3293,24766,1998-01-22,-31.7,Макс. температура
3293,24766,1998-02-01,-33.4,Макс. температура
3293,24766,1995-01-30,-37.0,Мин. температура
3293,24766,1995-02-02,-37.6,Мин. температура
3293,24766,1995-02-24,-40.3,Мин. температура
3293,24766,1995-02-26,-37.4,Мин. температура
3293,24766,1995-04-04,-6.5,Макс. температура
3293,24766,1995-04-05,-33.1,Мин. температура
3293,24766,1995-04-06,-33.1,Мин. температура
3293,24766,1995-06-20,28.5,Макс. температура
3293,24766,1995-07-09,22.8,Макс. температура
3293,24766,1995-09-14,8.5,Макс. температура
3293,24766,1995-10-15,-8.2,Макс. температура
3293,24766,1995-11-05,-33.0,Мин. температура
3293,24766,1995-11-19,-39.4,Мин. температура
3293,24766,1995-12-05,-38.4,Мин. температура
3293,24766,1996-01-04,-51.6,Мин. температура
3293,24766,1996-01-05,-52.8,Мин. температура
3293,24766,1996-01-06,-52.8,Мин. температура
3293,24766,1996-01-08,-35.0,Мин. температура
3293,24766,1996-01-21,-44.4,Мин. температура
3293,24766,1996-02-07,-45.4,Мин. температура
3293,24766,1996-02-14,-50.5,Мин. температура
3293,24766,1996-02-25,-21.4,Макс. температура
3293,24766,1996-03-13,-12.5,Макс. температура
3293,24766,1996-03-15,-31.8,Мин. температура
3293,24766,1996-03-23,-14.1,Макс. температура
3293,24766,1996-04-30,10.7,Макс. температура
3293,24766,1996-09-22,15.9,Макс. температура
3293,24766,1997-01-30,-31.8,Мин. температура
3293,24766,1997-02-09,-34.2,Макс. температура
3293,24766,1997-02-20,-30.4,Макс. температура
3293,24766,1997-02-23,-48.7,Мин. температура
3293,24766,1997-03-29,-13.9,Макс. температура
3293,24766,1997-05-02,6.3,Макс. температура
3293,24766,1997-07-15,29.1,Макс. температура
3293,24766,1997-07-21,7.0,Мин. температура
3293,24766,1997-08-10,15.4,Мин. температура
3293,24766,1997-08-15,27.4,Макс. температура
3293,24766,1997-08-18,20.6,Макс. температура
3293,24766,1997-08-23,16.9,Мин. температура
3293,24766,1997-12-05,-36.1,Макс. температура
3293,24766,1998-02-09,-47.1,Мин. температура
3293,24766,1998-02-15,-32.1,Макс. температура
3293,24766,1995-02-01,-31.7,Макс. температура
3293,24766,1995-03-05,-39.5,Мин. температура
3293,24766,1995-03-14,-31.1,Мин. температура
3293,24766,1995-03-24,-39.0,Мин. температура
3293,24766,1995-03-25,-39.1,Мин. температура
3293,24766,1995-04-22,-5.0,Мин. температура
3293,24766,1995-05-08,6.5,Макс. температура
3293,24766,1995-05-11,-9.0,Мин. температура
3293,24766,1995-05-22,13.8,Макс. температура
3293,24766,1995-07-05,29.2,Макс. температура
3293,24766,1995-09-06,21.2,Макс. температура
3293,24766,1995-12-10,-40.5,Мин. температура
3293,24766,1995-12-16,-45.8,Мин. температура
3293,24766,1996-01-13,-49.3,Мин. температура
3293,24766,1996-01-24,-36.4,Макс. температура
3293,24766,1996-02-13,-32.7,Макс. температура
3293,24766,1996-02-23,-21.1,Макс. температура
3293,24766,1996-03-21,-36.9,Мин. температура
3293,24766,1996-04-26,5.0,Макс. температура
3293,24766,1996-05-27,8.6,Макс. температура
3293,24766,1996-10-03,-10.1,Мин. температура
3293,24766,1996-11-15,-42.4,Мин. температура
3293,24766,1996-12-10,-31.6,Макс. температура
3293,24766,1997-02-05,-48.6,Мин. температура
3293,24766,1997-03-03,-47.1,Мин. температура
3293,24766,1997-03-15,-39.2,Мин. температура
3293,24766,1997-06-02,-3.9,Мин. температура
3293,24766,1997-08-11,24.0,Макс. температура
3293,24766,1997-08-19,14.8,Мин. температура
3293,24766,1997-08-25,19.4,Макс. температура
3293,24766,1997-10-21,-4.2,Макс. температура
3293,24766,1997-10-24,-12.2,Мин. температура
3293,24766,1997-11-01,-5.2,Макс. температура
3293,24766,1997-12-31,-51.7,Макс. температура
3293,24766,1998-01-10,,Макс. температура
3293,24766,1998-01-20,-32.8,Макс. температура
3293,24766,1998-03-09,-11.2,Макс. температура
3293,24766,1998-03-31,-12.5,Макс. температура
3293,24766,1995-03-10,-10.6,Макс. температура
3293,24766,1995-06-17,24.2,Макс. температура
3293,24766,1995-07-15,23.1,Макс. температура
3293,24766,1995-09-15,10.0,Макс. температура
3293,24766,1995-09-23,-2.1,Мин. температура
3293,24766,1995-10-07,-4.0,Мин. температура
3293,24766,1995-12-14,-46.7,Мин. температура
3293,24766,1996-01-09,-35.7,Мин. температура
3293,24766,1996-01-14,-50.0,Мин. температура
3293,24766,1996-05-19,3.4,Мин. температура
3293,24766,1996-05-21,3.0,Мин. температура
3293,24766,1996-09-09,3.5,Мин. температура
3293,24766,1996-11-04,-30.8,Макс. температура
3293,24766,1996-11-17,-24.9,Макс. температура
3293,24766,1996-11-20,-26.2,Мин. температура
3293,24766,1996-11-21,-23.5,Мин. температура
3293,24766,1997-01-20,-46.7,Макс. температура
3293,24766,1997-03-07,-37.3,Мин. температура
3293,24766,1997-05-06,7.6,Макс. температура
3293,24766,1997-05-16,-2.2,Мин. температура
3293,24766,1997-06-27,11.2,Мин. температура
3293,24766,1997-07-07,14.2,Мин. температура
3293,24766,1997-08-01,25.2,Макс. температура
3293,24766,1997-08-01,13.4,Мин. температура
3293,24766,1997-08-14,20.8,Мин. температура
3293,24766,1997-08-29,11.2,Мин. температура
3293,24766,1997-09-02,8.6,Мин. температура
3293,24766,1997-09-23,-0.8,Мин. температура
3293,24766,1997-10-03,,Мин. температура
3293,24766,1997-12-03,-50.3,Мин. температура
3293,24766,1997-12-06,-47.6,Мин. температура
3293,24766,1997-12-22,-35.5,Макс. температура
3293,24766,1995-01-21,-30.4,Макс. температура
3293,24766,1995-01-24,-29.1,Макс. температура
3293,24766,1995-02-22,-14.4,Макс. температура
3293,24766,1995-03-01,-21.9,Макс. температура
3293,24766,1995-03-22,-44.2,Мин. температура
3293,24766,1995-03-26,-8.0,Макс. температура
3293,24766,1995-06-07,5.9,Мин. температура
3293,24766,1995-06-24,12.7,Мин. температура
3293,24766,1995-06-25,26.0,Макс. температура
3293,24766,1995-06-29,15.0,Мин. температура
3293,24766,1995-08-09,14.2,Макс. температура
3293,24766,1995-09-11,15.6,Макс. температура
3293,24766,1995-10-23,-1.0,Макс. температура
3293,24766,1995-10-28,-15.7,Мин. температура
3293,24766,1995-11-10,-35.0,Мин. температура
3293,24766,1995-11-14,-19.8,Макс. температура
3293,24766,1995-12-05,-31.5,Макс. температура
3293,24766,1996-01-26,-36.9,Макс. температура
3293,24766,1996-10-16,-16.8,Мин. температура
3293,24766,1997-01-23,-49.4,Мин. температура
3293,24766,1997-01-24,-40.2,Макс. температура
3293,24766,1997-02-03,-49.0,Мин. температура
3293,24766,1997-03-17,-35.8,Мин. температура
3293,24766,1997-03-29,-35.5,Мин. температура
3293,24766,1997-08-19,21.7,Макс. температура
3293,24766,1997-08-25,12.2,Мин. температура
3293,24766,1997-10-25,-10.3,Мин. температура
3293,24766,1997-10-26,-16.1,Мин. температура
3293,24766,1998-01-03,,Мин. температура
3293,24766,1998-02-04,-51.7,Мин. температура
3293,24766,1995-01-05,-36.4,Макс. температура
3293,24766,1995-01-11,-50.5,Мин. температура
3293,24766,1995-03-10,-36.2,Мин. температура
3293,24766,1995-06-11,5.1,Мин. температура
3293,24766,1995-07-15,7.0,Мин. температура
3293,24766,1995-08-07,9.6,Мин. температура
3293,24766,1995-08-08,13.5,Мин. температура
3293,24766,1995-08-28,26.1,Макс. температура
3293,24766,1995-09-10,2.2,Мин. температура
3293,24766,1995-09-28,3.2,Макс. температура
3293,24766,1995-10-29,-22.8,Мин. температура
3293,24766,1995-11-03,-27.9,Мин. температура
3293,24766,1995-11-15,-40.0,Мин. температура
3293,24766,1995-11-18,-27.7,Макс. температура
3293,24766,1996-02-13,-41.5,Мин. температура
3293,24766,1996-04-13,-1.5,Макс. температура
3293,24766,1996-04-17,0.2,Макс. температура
3293,24766,1996-05-24,20.9,Макс. температура
3293,24766,1996-09-05,-3.2,Мин. температура
3293,24766,1996-09-06,-6.1,Мин. температура
3293,24766,1996-09-19,3.7,Макс. температура
3293,24766,1996-10-15,-1.2,Макс. температура
3293,24766,1997-01-25,-38.5,Макс. температура
3293,24766,1997-03-10,-20.7,Макс. температура
3293,24766,1997-04-26,5.8,Макс. температура
3293,24766,1997-05-26,8.5,Мин. температура
3293,24766,1997-06-05,27.4,Макс. температура
3293,24766,1997-06-28,22.0,Макс. температура
3293,24766,1997-07-09,25.2,Макс. температура
3293,24766,1997-07-17,21.9,Макс. температура
3293,24766,1997-08-02,13.8,Мин. температура
3293,24766,1997-10-13,-0.7,Макс. температура
3293,24766,1997-11-06,-11.3,Мин. температура
3293,24766,1997-11-15,-26.3,Макс. температура
3293,24766,1997-12-14,-27.7,Макс. температура
3293,24766,1997-12-16,-28.0,Макс. температура
3293,24766,1998-01-01,,Макс. температура
3293,24766,1998-01-11,,Мин. температура
3293,24766,1998-01-18,-47.8,Мин. температура
3293,24766,1998-01-21,-30.8,Макс. температура
3293,24766,1998-01-31,-43.1,Мин. температура
3293,24766,1998-02-06,-35.0,Макс. температура
3293,24766,1998-03-22,-12.5,Макс. температура
3293,24766,1995-01-25,-35.9,Макс. температура
3293,24766,1995-02-20,-35.1,Мин. температура
3293,24766,1995-04-10,-4.5,Макс. температура
3293,24766,1995-04-12,-26.8,Мин. температура
3293,24766,1995-07-01,9.6,Мин. температура
3293,24766,1995-07-07,25.3,Макс. температура
3293,24766,1995-07-12,8.2,Мин. температура
3293,24766,1995-08-13,17.0,Макс. температура
3293,24766,1995-09-03,3.1,Мин. температура
3293,24766,1995-10-05,1.9,Макс. температура
3293,24766,1996-02-11,-24.9,Макс. температура
3293,24766,1996-02-20,-26.0,Макс. температура
3293,24766,1996-04-02,-28.7,Мин. температура
3293,24766,1996-05-11,-5.0,Мин. температура
3293,24766,1996-05-31,13.2,Макс. температура
3293,24766,1996-09-18,6.4,Макс. температура
3293,24766,1996-11-08,-29.2,Макс. температура
3293,24766,1996-11-18,-40.8,Мин. температура
3293,24766,1996-12-29,-37.4,Мин. температура
3293,24766,1997-02-01,-24.3,Макс. температура
3293,24766,1997-03-10,-42.1,Мин. температура
3293,24766,1997-03-13,-15.4,Макс. температура
3293,24766,1997-04-10,-13.7,Мин. температура
3293,24766,1997-05-30,5.8,Мин. температура
3293,24766,1997-06-06,24.8,Макс. температура
3293,24766,1997-08-30,14.6,Мин. температура
3293,24766,1997-09-30,8.1,Макс. температура
3293,24766,1997-10-10,-16.8,Мин. температура
3293,24766,1997-11-07,-16.8,Макс. температура
3293,24766,1997-11-17,-25.7,Макс. температура
3293,24766,1997-11-21,-47.8,Мин. температура
3293,24766,1997-12-16,-52.8,Мин. температура
3293,24766,1998-01-02,,Макс. температура
3293,24766,1998-01-25,-40.3,Макс. температура
3293,24766,1995-02-03,-37.2,Мин. температура
3293,24766,1995-02-14,-19.0,Макс. температура
3293,24766,1995-03-21,-19.5,Макс. температура
3293,24766,1995-03-25,-9.8,Макс. температура
3293,24766,1995-07-04,8.0,Мин. температура
3293,24766,1995-07-13,17.4,Макс. температура
3293,24766,1995-08-19,6.7,Мин. температура
3293,24766,1995-08-23,22.3,Макс. температура
3293,24766,1995-09-29,-4.0,Мин. температура
3293,24766,1995-12-08,-34.1,Макс. температура
3293,24766,1995-12-11,-29.9,Макс. температура
3293,24766,1996-01-03,-35.2,Макс. температура
3293,24766,1996-01-18,-51.3,Мин. температура
3293,24766,1996-03-18,-12.7,Макс. температура
3293,24766,1996-04-08,-2.8,Макс. температура
3293,24766,1996-05-01,7.3,Макс. температура
3293,24766,1996-05-09,12.4,Макс. температура
3293,24766,1996-10-14,-4.6,Мин. температура
3293,24766,1996-12-20,-53.1,Мин. температура
3293,24766,1996-12-28,-27.1,Макс. температура
3293,24766,1997-01-18,-53.8,Мин. температура
3293,24766,1997-02-20,-41.8,Мин. температура
3293,24766,1997-03-04,-23.9,Макс. температура
3293,24766,1997-03-21,-9.1,Макс. температура
3293,24766,1997-05-07,7.1,Макс. температура
3293,24766,1997-06-12,12.8,Макс. температура
3293,24766,1997-08-06,26.2,Макс. температура
3293,24766,1997-08-20,12.4,Мин. температура
3293,24766,1997-08-28,17.2,Макс. температура
3293,24766,1997-09-03,9.6,Мин. температура
3293,24766,1997-09-20,3.6,Макс. температура
3293,24766,1997-09-30,4.9,Мин. температура
3293,24766,1997-11-27,-47.7,Мин. температура
3293,24766,1997-12-01,-44.8,Макс. температура
3293,24766,1998-03-08,-42.8,Мин. температура
3293,24766,1998-03-30,-9.6,Макс. температура
3293,24766,1995-01-16,-38.3,Макс. температура
3293,24766,1995-03-30,-2.0,Макс. температура
3293,24766,1995-04-03,-22.1,Мин. температура
3293,24766,1995-05-04,6.4,Макс. температура
3293,24766,1995-06-10,5.1,Мин. температура
3293,24766,1995-07-11,12.0,Мин. температура
3293,24766,1995-08-24,2.5,Мин. температура
3293,24766,1995-09-12,7.0,Макс. температура
3293,24766,1995-09-22,-2.6,Мин. температура
3293,24766,1995-10-23,-15.5,Мин. температура
3293,24766,1995-11-29,-40.3,Мин. температура
3293,24766,1996-01-31,-34.7,Макс. температура
3293,24766,1996-02-04,-29.8,Макс. температура
3293,24766,1996-04-02,-4.6,Макс. температура
3293,24766,1996-05-02,8.1,Макс. температура
3293,24766,1996-06-01,2.4,Макс. температура
3293,24766,1996-09-29,3.5,Макс. температура
3293,24766,1996-11-02,-40.8,Мин. температура
3293,24766,1996-11-11,-34.9,Макс. температура
3293,24766,1996-11-29,-29.2,Мин. температура
3293,24766,1997-02-05,-32.3,Макс. температура
3293,24766,1997-02-21,-28.8,Макс. температура
3293,24766,1997-02-26,-29.2,Макс. температура
3293,24766,1997-03-25,-21.2,Мин. температура
3293,24766,1997-04-01,-9.8,Макс. температура
3293,24766,1997-05-17,17.4,Макс. температура
3293,24766,1997-05-18,15.6,Макс. температура
3293,24766,1997-05-18,7.1,Мин. температура
3293,24766,1997-06-10,3.9,Мин. температура
3293,24766,1997-06-14,7.8,Мин. температура
3293,24766,1997-07-01,22.7,Макс. температура
3293,24766,1997-07-28,25.9,Макс. температура
3293,24766,1997-08-26,18.0,Макс. температура
3293,24766,1997-08-26,10.2,Мин. температура
3293,24766,1997-09-04,8.2,Мин. температура
3293,24766,1997-09-05,18.2,Макс. температура
3293,24766,1997-09-14,8.6,Макс. температура
3293,24766,1997-09-17,-4.9,Мин. температура
3293,24766,1997-09-25,9.9,Макс. температура
3293,24766,1997-11-09,-12.8,Мин. температура
3293,24766,1997-11-28,-43.3,Макс. температура
3293,24766,1998-02-15,-47.9,Мин. температура
3293,24766,1998-02-24,-45.1,Мин. температура
3293,24766,1998-03-17,-13.6,Макс. температура
3293,24766,1998-03-21,-34.2,Мин. температура
3293,24766,1998-03-26,-35.3,Мин. температура
3293,24766,1995-02-04,-28.2,Макс. температура
3293,24766,1995-02-25,-12.0,Макс. температура
3293,24766,1995-04-14,-25.3,Мин. температура
3293,24766,1995-05-07,-4.1,Мин. температура
3293,24766,1995-08-19,14.0,Макс. температура
3293,24766,1995-08-30,10.5,Мин. температура
3293,24766,1995-09-07,22.2,Макс. температура
3293,24766,1995-10-11,-15.5,Мин. температура
3293,24766,1995-11-05,-19.1,Макс. температура
3293,24766,1995-12-28,-46.6,Мин. температура
3293,24766,1996-01-30,-45.8,Мин. температура
3293,24766,1996-03-16,-14.0,Макс. температура
3293,24766,1996-05-10,14.0,Макс. температура
3293,24766,1996-06-01,-2.5,Мин. температура
3293,24766,1996-09-14,0.4,Мин. температура
3293,24766,1996-10-18,-6.1,Макс. температура
3293,24766,1996-10-30,-19.7,Макс. температура
3293,24766,1996-11-25,-35.6,Мин. температура
3293,24766,1996-12-19,-45.2,Макс. температура
3293,24766,1996-12-20,-46.0,Макс. температура
3293,24766,1997-03-08,-38.4,Мин. температура
3293,24766,1997-03-26,-6.3,Макс. температура
3293,24766,1997-05-10,10.6,Макс. температура
3293,24766,1997-05-21,15.2,Макс. температура
3293,24766,1997-06-17,9.4,Мин. температура
3293,24766,1997-07-03,27.1,Макс. температура
3293,24766,1997-08-02,25.2,Макс. температура
3293,24766,1997-08-31,15.6,Мин. температура
3293,24766,1997-10-30,-23.4,Мин. температура
3293,24766,1997-12-02,-51.5,Мин. температура
3293,24766,1997-12-23,-39.5,Макс. температура
3293,24766,1998-01-19,-45.0,Макс. температура
3293,24766,1998-02-21,-24.2,Макс. температура
3293,24766,1998-03-28,-45.7,Мин. температура
3293,24766,1995-01-07,-45.6,Мин. температура
3293,24766,1995-02-10,-44.6,Мин. температура
3293,24766,1995-04-07,-2.6,Макс. температура
3293,24766,1995-05-20,15.4,Макс. температура
3293,24766,1995-06-09,3.8,Мин. температура
3293,24766,1995-06-20,8.2,Мин. температура
3293,24766,1995-08-13,5.0,Мин. температура
3293,24766,1995-10-03,-7.6,Мин. температура
3293,24766,1995-11-16,-39.5,Мин. температура
3293,24766,1995-11-18,-39.5,Мин. температура
3293,24766,1995-11-30,-39.7,Мин. температура
3293,24766,1995-12-09,-40.2,Мин. температура
3293,24766,1996-01-03,-49.7,Мин. температура
3293,24766,1996-01-04,-41.8,Макс. температура
3293,24766,1996-02-11,-45.2,Мин. температура
3293,24766,1996-02-19,-49.5,Мин. температура
3293,24766,1996-02-28,-27.6,Макс. температура
3293,24766,1996-03-02,-27.0,Макс. температура
3293,24766,1996-04-11,0.0,Макс. температура
3293,24766,1996-04-17,-21.1,Мин. температура
3293,24766,1996-04-28,-9.2,Мин. температура
3293,24766,1996-10-12,-15.3,Мин. температура
3293,24766,1996-11-16,-25.6,Макс. температура
3293,24766,1997-01-12,-27.0,Макс. температура
3293,24766,1997-01-30,-24.2,Макс. температура
3293,24766,1997-03-19,-5.7,Макс. температура
3293,24766,1997-04-20,-14.4,Мин. температура
3293,24766,1997-05-09,10.2,Макс. температура
3293,24766,1997-07-19,12.6,Мин. температура
3293,24766,1997-07-23,27.8,Макс. температура
3293,24766,1997-08-21,20.2,Макс. температура
3293,24766,1997-10-23,-9.2,Мин. температура
3293,24766,1997-11-07,-27.1,Мин. температура
3293,24766,1997-11-16,-39.8,Мин. температура
3293,24766,1997-11-29,-43.3,Макс. температура
3293,24766,1997-12-25,-47.8,Мин. температура
3293,24766,1998-02-06,-49.6,Мин. температура
3293,24766,1998-03-02,-24.6,Макс. температура
3293,24766,1998-03-21,-11.7,Макс. температура
3293,24766,1995-01-17,-48.0,Мин. температура
3293,24766,1995-01-23,-51.1,Мин. температура
3293,24766,1995-01-28,-29.6,Мин. температура
3293,24766,1995-02-02,-26.8,Макс. температура
3293,24766,1995-04-15,-23.6,Мин. температура
3293,24766,1995-05-28,21.8,Макс. температура
3293,24766,1995-07-20,28.8,Макс. температура
3293,24766,1995-08-03,11.0,Мин. температура
3293,24766,1996-03-06,-43.4,Мин. температура
3293,24766,1996-04-01,-25.2,Мин. температура
3293,24766,1996-05-13,6.4,Макс. температура
3293,24766,1996-05-16,16.5,Макс. температура
3293,24766,1996-05-19,21.8,Макс. температура
3293,24766,1996-05-25,7.3,Макс. температура
3293,24766,1996-10-05,-8.8,Мин. температура
3293,24766,1996-11-07,-45.9,Мин. температура
3293,24766,1996-12-12,-51.4,Мин. температура
3293,24766,1997-01-19,-47.0,Макс. температура
3293,24766,1997-01-27,-48.4,Мин. температура
3293,24766,1997-02-19,-25.0,Макс. температура
3293,24766,1997-03-14,-14.1,Макс. температура
3293,24766,1997-04-09,-0.1,Макс. температура
3293,24766,1997-05-16,17.6,Макс. температура
3293,24766,1997-05-19,16.7,Макс. температура
3293,24766,1997-05-22,19.2,Макс. температура
3293,24766,1997-06-20,26.4,Макс. температура
3293,24766,1997-07-06,18.4,Макс. температура
3293,24766,1997-07-21,26.2,Макс. температура
3293,24766,1997-09-14,-0.6,Мин. температура
3293,24766,1997-10-09,,Макс. температура
3293,24766,1997-10-14,1.4,Макс. температура
3293,24766,1997-10-15,-1.5,Макс. температура
3293,24766,1997-12-07,-47.6,Мин. температура
3293,24766,1998-03-22,-33.9,Мин. температура
3293,24766,1995-01-07,-43.4,Макс. температура
3293,24766,1995-01-13,-29.5,Макс. температура
3293,24766,1995-01-18,-51.9,Мин. температура
3293,24766,1995-02-11,-28.8,Макс. температура
3293,24766,1995-02-22,-39.7,Мин. температура
3293,24766,1995-04-18,1.0,Макс. температура
3293,24766,1995-05-05,8.2,Макс. температура
3293,24766,1995-06-12,18.7,Макс. температура
3293,24766,1995-07-19,6.0,Мин. температура
3293,24766,1995-07-28,26.2,Макс. температура
3293,24766,1995-10-17,-12.7,Мин. температура
3293,24766,1995-11-03,-15.9,Макс. температура
3293,24766,1995-11-09,-34.8,Мин. температура
3293,24766,1996-01-17,-43.1,Макс. температура
3293,24766,1996-10-08,-9.2,Мин. температура
3293,24766,1996-11-07,-30.2,Макс. температура
3293,24766,1996-12-02,-26.7,Макс. температура
3293,24766,1996-12-29,-26.3,Макс. температура
3293,24766,1996-12-30,-43.5,Мин. температура
3293,24766,1997-05-01,-7.6,Мин. температура
3293,24766,1997-05-10,-6.7,Мин. температура
3293,24766,1997-06-01,5.4,Мин. температура
3293,24766,1997-11-24,-24.6,Макс. температура
3293,24766,1997-12-14,-41.5,Мин. температура
3293,24766,1998-02-20,-48.7,Мин. температура
3293,24766,1998-03-12,-17.8,Макс. температура
3293,24766,1998-03-23,-35.7,Мин. температура
3293,24766,1995-01-02,-49.9,Мин. температура
3293,24766,1995-01-31,-21.5,Макс. температура
3293,24766,1995-03-11,-36.4,Мин. температура
3293,24766,1995-04-04,-30.8,Мин. температура
3293,24766,1995-04-14,-0.3,Макс. температура
3293,24766,1995-04-27,5.5,Макс. температура
3293,24766,1995-06-18,22.5,Макс. температура
3293,24766,1995-07-02,29.2,Макс. температура
3293,24766,1995-08-17,15.0,Макс. температура
3293,24766,1995-11-27,-41.9,Мин. температура
3293,24766,1995-12-03,-40.0,Мин. температура
3293,24766,1995-12-19,-39.9,Макс. температура
3293,24766,1996-05-12,3.0,Мин. температура
3293,24766,1996-10-10,1.7,Макс. температура
3293,24766,1996-10-20,-3.7,Макс. температура
3293,24766,1996-11-17,-36.7,Мин. температура
3293,24766,1997-01-01,-28.1,Макс. температура
3293,24766,1997-01-15,-48.8,Макс. температура
3293,24766,1997-02-02,-39.1,Мин. температура
3293,24766,1997-02-13,-31.1,Макс. температура
3293,24766,1997-03-28,-28.5,Мин. температура
3293,24766,1997-06-03,-2.7,Мин. температура
3293,24766,1997-06-06,8.1,Мин. температура
3293,24766,1997-06-21,27.8,Макс. температура
3293,24766,1997-09-26,2.0,Мин. температура
3293,24766,1997-10-18,-0.8,Макс. температура
3293,24766,1997-12-01,-51.5,Мин. температура
3293,24766,1997-12-05,-51.5,Мин. температура
3293,24766,1997-12-10,-40.2,Макс. температура
3293,24766,1997-12-18,-51.7,Макс. температура
3293,24766,1998-01-13,-45.8,Макс. температура
3293,24766,1998-02-02,-35.4,Макс. температура
3293,24766,1998-02-18,-48.2,Мин. температура
3293,24766,1995-01-02,-31.8,Макс. температура
3293,24766,1995-01-19,-53.0,Мин. температура
3293,24766,1995-02-11,-42.0,Мин. температура
3293,24766,1995-03-08,-11.0,Макс. температура
3293,24766,1995-03-27,-9.0,Макс. температура
3293,24766,1995-05-17,-3.0,Мин. температура
3293,24766,1995-06-11,14.6,Макс. температура
3293,24766,1995-06-22,33.4,Макс. температура
3293,24766,1995-07-01,30.9,Макс. температура
3293,24766,1995-07-10,18.0,Макс. температура
3293,24766,1995-07-23,23.4,Макс. температура
3293,24766,1995-08-15,22.9,Макс. температура
3293,24766,1995-09-11,0.7,Мин. температура
3293,24766,1995-09-19,1.1,Мин. температура
3293,24766,1995-09-24,-1.4,Мин. температура
3293,24766,1995-11-02,-17.0,Макс. температура
3293,24766,1995-12-02,-33.6,Мин. температура
3293,24766,1996-03-20,-36.3,Мин. температура
3293,24766,1996-04-18,-15.9,Мин. температура
3293,24766,1996-04-19,-17.0,Мин. температура
3293,24766,1996-04-28,8.1,Макс. температура
3293,24766,1996-09-12,8.2,Мин. температура
3293,24766,1996-09-17,9.7,Макс. температура
3293,24766,1996-10-12,-0.3,Макс. температура
3293,24766,1996-11-25,-10.1,Макс. температура
3293,24766,1996-12-06,-49.4,Мин. температура
3293,24766,1996-12-16,-44.0,Макс. температура
3293,24766,1997-01-22,-40.6,Макс. температура
3293,24766,1997-01-29,-40.2,Мин. температура
3293,24766,1997-02-18,-48.6,Мин. температура
3293,24766,1997-04-11,-21.1,Мин. температура
3293,24766,1997-05-23,5.2,Мин. температура
3293,24766,1997-07-04,23.9,Макс. температура
3293,24766,1997-07-07,23.7,Макс. температура
3293,24766,1997-07-16,10.4,Мин. температура
3293,24766,1997-08-12,24.9,Макс. температура
3293,24766,1997-09-09,11.6,Макс. температура
3293,24766,1997-10-24,-9.1,Макс. температура
3293,24766,1997-11-01,-9.3,Мин. температура
3293,24766,1997-11-18,-41.3,Мин. температура
3293,24766,1997-12-09,-49.0,Мин. температура
3293,24766,1998-01-09,,Макс. температура
3293,24766,1998-01-24,-41.5,Макс. температура
3293,24766,1998-03-02,-45.1,Мин. температура
3293,24766,1998-03-24,-10.6,Макс. температура
3293,24766,1995-02-13,-26.7,Макс. температура
3293,24766,1995-02-27,-38.8,Мин. температура
3293,24766,1995-05-12,14.1,Макс. температура
3293,24766,1995-07-03,31.6,Макс. температура
3293,24766,1995-07-08,23.3,Макс. температура
3293,24766,1995-08-01,9.0,Мин. температура
3293,24766,1995-09-27,-11.0,Мин. температура
3293,24766,1995-10-18,3.2,Макс. температура
3293,24766,1995-10-24,-5.1,Мин. температура
3293,24766,1995-11-22,-29.6,Макс. температура
3293,24766,1995-11-30,-28.4,Макс. температура
3293,24766,1996-02-02,-46.1,Мин. температура
3293,24766,1996-04-22,-14.2,Мин. температура
3293,24766,1996-05-07,13.1,Макс. температура
3293,24766,1996-05-12,22.9,Макс. температура
3293,24766,1996-10-10,-9.8,Мин. температура
3293,24766,1996-10-11,-9.3,Мин. температура
3293,24766,1996-10-21,-5.5,Макс. температура
3293,24766,1996-11-27,-28.2,Мин. температура
3293,24766,1996-11-28,-30.8,Мин. температура
3293,24766,1996-12-07,-38.8,Макс. температура
3293,24766,1996-12-23,-42.0,Макс. температура
3293,24766,1996-12-24,-45.7,Мин. температура
3293,24766,1997-04-01,-36.9,Мин. температура
3293,24766,1997-04-24,-3.7,Мин. температура
3293,24766,1997-05-05,0.6,Мин. температура
3293,24766,1997-07-16,28.9,Макс. температура
3293,24766,1997-07-29,10.5,Мин. температура
3293,24766,1997-08-03,22.4,Макс. температура
3293,24766,1997-11-03,-14.5,Макс. температура
3293,24766,1998-02-19,-22.1,Макс. температура
3293,24766,1998-03-11,-28.3,Мин. температура
3293,24766,1998-03-12,-34.4,Мин. температура
3293,24766,1995-01-12,-32.3,Макс. температура
3293,24766,1995-01-29,-21.7,Макс. температура
3293,24766,1995-01-29,-28.0,Мин. температура
3293,24766,1995-02-12,-39.0,Мин. температура
3293,24766,1995-02-23,-39.1,Мин. температура
3293,24766,1995-07-08,14.2,Мин. температура
3293,24766,1995-07-16,21.2,Макс. температура
3293,24766,1995-10-02,4.3,Макс. температура
3293,24766,1995-11-07,-28.7,Макс. температура
3293,24766,1995-11-17,-37.6,Мин. температура
3293,24766,1995-11-27,-23.7,Макс. температура
3293,24766,1996-01-01,-47.6,Мин. температура
3293,24766,1996-01-30,-39.2,Макс. температура
3293,24766,1996-02-16,-43.0,Макс. температура
3293,24766,1996-02-21,-36.1,Мин. температура
3293,24766,1996-03-10,-20.4,Макс. температура
3293,24766,1996-03-26,-33.8,Мин. температура
3293,24766,1996-05-05,5.1,Мин. температура
3293,24766,1996-05-14,0.8,Мин. температура
3293,24766,1996-05-27,-5.6,Мин. температура
3293,24766,1996-05-31,3.1,Мин. температура
3293,24766,1996-09-01,7.1,Макс. температура
3293,24766,1996-09-15,-4.4,Мин. температура
3293,24766,1996-09-28,-5.5,Мин. температура
3293,24766,1996-09-29,-4.4,Мин. температура
3293,24766,1996-09-30,-10.6,Мин. температура
3293,24766,1996-12-01,-26.4,Макс. температура
3293,24766,1996-12-21,-53.4,Мин. температура
3293,24766,1997-01-24,-48.4,Мин. температура
3293,24766,1997-03-11,-40.6,Мин. температура
3293,24766,1997-03-26,-30.5,Мин. температура
3293,24766,1997-04-04,-17.4,Мин. температура
3293,24766,1997-05-05,7.2,Макс. температура
3293,24766,1997-07-24,19.4,Макс. температура
3293,24766,1997-11-09,-6.8,Макс. температура
3293,24766,1997-11-20,-45.2,Мин. температура
3293,24766,1997-12-27,-36.1,Макс. температура
3293,24766,1998-02-05,-47.7,Мин. температура
3293,24766,1998-02-10,-45.2,Мин. температура
3293,24766,1998-02-11,-44.8,Мин. температура
3293,24766,1998-02-18,-21.2,Макс. температура
3293,24766,1998-03-10,-29.7,Мин. температура
3293,24766,1998-03-19,-36.8,Мин. температура
3293,24766,1995-01-08,-45.1,Мин. температура
3293,24766,1995-01-19,-48.1,Макс. температура
3293,24766,1995-03-15,-21.5,Макс. температура
3293,24766,1995-04-01,-7.8,Макс. температура
3293,24766,1995-04-09,-0.8,Макс. температура
3293,24766,1995-04-28,-3.0,Мин. температура
3293,24766,1995-05-10,-1.5,Мин. температура
3293,24766,1995-05-19,16.6,Макс. температура
3293,24766,1995-06-23,33.0,Макс. температура
3293,24766,1995-07-02,15.2,Мин. температура
3293,24766,1995-09-08,-2.4,Мин. температура
3293,24766,1995-11-20,-33.3,Мин. температура
3293,24766,1996-01-13,-42.5,Макс. температура
3293,24766,1996-02-09,-26.7,Макс. температура
3293,24766,1996-02-25,-35.9,Мин. температура
3293,24766,1996-04-15,0.0,Макс. температура
3293,24766,1996-09-30,5.2,Макс. температура
3293,24766,1996-10-07,6.8,Макс. температура
3293,24766,1996-10-24,-14.1,Мин. температура
3293,24766,1996-11-06,-44.1,Мин. температура
3293,24766,1996-11-08,-46.1,Мин. температура
3293,24766,1996-12-15,-55.1,Мин. температура
3293,24766,1997-02-17,-32.2,Макс. температура
3293,24766,1997-03-12,-41.9,Мин. температура
3293,24766,1997-04-16,10.4,Макс. температура
3293,24766,1997-05-14,12.2,Макс. температура
3293,24766,1997-05-24,19.6,Макс. температура
3293,24766,1997-06-08,5.4,Мин. температура
3293,24766,1997-07-25,18.4,Макс. температура
3293,24766,1997-07-29,24.0,Макс. температура
3293,24766,1997-09-28,1.2,Мин. температура
3293,24766,1997-10-07,,Мин. температура
3293,24766,1997-10-11,-17.7,Мин. температура
3293,24766,1997-11-14,-31.8,Мин. температура
3293,24766,1998-01-01,,Мин. температура
3293,24766,1998-01-05,,Макс. температура
3293,24766,1998-03-05,-46.5,Мин. температура
3293,24766,1998-03-20,-13.6,Макс. температура
3293,24766,1995-01-15,-45.6,Макс. температура
3293,24766,1995-02-05,-24.7,Макс. температура
3293,24766,1995-04-09,-28.4,Мин. температура
3293,24766,1995-08-20,17.2,Макс. температура
3293,24766,1995-08-29,2.6,Мин. температура
3293,24766,1995-09-21,-2.2,Мин. температура
3293,24766,1995-10-01,1.5,Макс. температура
3293,24766,1995-10-26,-3.5,Макс. температура
3293,24766,1995-11-15,-25.1,Макс. температура
3293,24766,1995-11-22,-36.2,Мин. температура
3293,24766,1996-05-18,15.5,Макс. температура
3293,24766,1996-11-12,-45.4,Мин. температура
3293,24766,1996-11-15,-32.2,Макс. температура
3293,24766,1996-11-22,-12.7,Макс. температура
3293,24766,1996-12-01,-40.4,Мин. температура
3293,24766,1997-01-10,-46.7,Мин. температура
3293,24766,1997-01-28,-32.1,Макс. температура
3293,24766,1997-02-06,-26.2,Макс. температура
3293,24766,1997-02-22,-29.6,Макс. температура
3293,24766,1997-04-05,1.4,Макс. температура
3293,24766,1997-05-04,-2.9,Мин. температура
3293,24766,1997-05-07,-3.6,Мин. температура
3293,24766,1997-05-19,7.4,Мин. температура
3293,24766,1997-05-27,16.0,Макс. температура
3293,24766,1997-06-05,8.0,Мин. температура
3293,24766,1997-09-01,10.0,Мин. температура
3293,24766,1997-09-13,7.8,Макс. температура
3293,24766,1997-09-19,4.8,Макс. температура
3293,24766,1997-11-11,-21.0,Макс. температура
3293,24766,1998-02-14,-42.4,Мин. температура
3293,24766,1998-02-24,-11.6,Макс. температура
3293,24766,1998-03-01,-37.2,Мин. температура
3293,24766,1995-02-19,-13.3,Макс. температура
3293,24766,1995-02-21,-19.0,Макс. температура
3293,24766,1995-02-24,-18.7,Макс. температура
3293,24766,1995-03-29,-32.7,Мин. температура
3293,24766,1995-04-11,-4.6,Макс. температура
3293,24766,1995-05-19,-1.7,Мин. температура
3293,24766,1995-05-30,22.7,Макс. температура
3293,24766,1995-06-03,16.0,Макс. температура
3293,24766,1995-06-09,21.2,Макс. температура
3293,24766,1995-07-31,26.2,Макс. температура
3293,24766,1995-08-08,19.1,Макс. температура
3293,24766,1995-11-07,-36.8,Мин. температура
3293,24766,1995-12-10,-34.7,Макс. температура
3293,24766,1995-12-22,-43.9,Макс. температура
3293,24766,1996-01-28,-36.8,Макс. температура
3293,24766,1996-03-24,-37.1,Мин. температура
3293,24766,1996-04-05,-15.2,Мин. температура
3293,24766,1996-04-09,-1.8,Макс. температура
3293,24766,1996-09-26,2.0,Мин. температура
3293,24766,1996-10-07,-6.6,Мин. температура
3293,24766,1996-10-13,-1.1,Макс. температура
3293,24766,1996-10-19,-6.4,Макс. температура
3293,24766,1996-11-04,-43.9,Мин. температура
3293,24766,1997-01-31,-20.9,Макс. температура
3293,24766,1997-03-05,-22.5,Макс. температура
3293,24766,1997-04-03,-2.7,Макс. температура
3293,24766,1997-05-03,-2.6,Мин. температура
3293,24766,1997-06-21,4.2,Мин. температура
3293,24766,1997-06-30,11.1,Мин. температура
3293,24766,1997-07-06,15.3,Мин. температура
3293,24766,1997-08-27,14.8,Макс. температура
3293,24766,1997-10-02,,Макс. температура
3293,24766,1997-11-04,-8.4,Макс. температура
3293,24766,1997-12-25,-28.7,Макс. температура
3293,24766,1998-01-28,-49.5,Мин. температура
3293,24766,1998-02-01,-42.0,Мин. температура
3293,24766,1998-03-29,-21.0,Макс. температура
3293,24766,1995-01-01,-48.1,Мин. температура
3293,24766,1995-02-08,-29.3,Макс. температура
3293,24766,1995-02-18,-16.9,Мин. температура
3293,24766,1995-03-19,-24.7,Макс. температура
3293,24766,1995-05-03,-4.7,Мин. температура
3293,24766,1995-05-04,-7.5,Мин. температура
3293,24766,1995-05-06,-5.0,Мин. температура
3293,24766,1995-05-14,-0.5,Мин. температура
3293,24766,1995-05-15,2.5,Макс. температура
3293,24766,1995-08-11,10.6,Мин. температура
3293,24766,1995-08-31,4.6,Мин. температура
3293,24766,1995-09-05,1.0,Мин. температура
3293,24766,1995-10-08,-4.8,Мин. температура
3293,24766,1995-10-18,-12.0,Мин. температура
3293,24766,1995-11-21,-28.9,Макс. температура
3293,24766,1995-12-24,-49.7,Мин. температура
3293,24766,1996-02-03,-32.5,Макс. температура
3293,24766,1996-02-26,-40.2,Мин. температура
3293,24766,1996-03-18,-34.7,Мин. температура
3293,24766,1996-03-20,-13.0,Макс. температура
3293,24766,1996-04-18,3.4,Макс. температура
3293,24766,1996-09-14,14.6,Макс. температура
3293,24766,1996-09-25,3.3,Мин. температура
3293,24766,1996-10-29,-20.6,Макс. температура
3293,24766,1997-02-26,-46.0,Мин. температура
3293,24766,1997-03-01,-31.6,Макс. температура
3293,24766,1997-03-16,-4.6,Макс. температура
3293,24766,1997-04-08,-0.4,Макс. температура
3293,24766,1997-04-28,-7.7,Мин. температура
3293,24766,1997-05-06,-1.6,Мин. температура
3293,24766,1997-06-12,9.2,Мин. температура
3293,24766,1997-07-11,14.9,Мин. температура
3293,24766,1997-07-12,6.3,Мин. температура
3293,24766,1997-07-30,14.9,Мин. температура
3293,24766,1997-09-13,1.0,Мин. температура
3293,24766,1997-09-21,-1.0,Мин. температура
3293,24766,1997-11-30,-45.8,Макс. температура
3293,24766,1997-12-12,-48.7,Мин. температура
3293,24766,1998-01-27,-49.5,Мин. температура
3293,24766,1998-02-14,-31.8,Макс. температура
3293,24766,1995-01-08,-35.7,Макс. температура
3293,24766,1995-01-16,-50.2,Мин. температура
3293,24766,1995-02-15,-17.9,Макс. температура
3293,24766,1995-02-18,-12.5,Макс. температура
3293,24766,1995-03-01,-39.0,Мин. температура
3293,24766,1995-05-21,14.7,Макс. температура
3293,24766,1995-06-27,9.7,Мин. температура
3293,24766,1995-07-18,23.5,Макс. температура
3293,24766,1995-07-19,25.7,Макс. температура
3293,24766,1995-10-06,0.6,Макс. температура
3293,24766,1995-10-30,-26.8,Мин. температура
3293,24766,1995-11-04,-20.6,Макс. температура
3293,24766,1995-11-10,-18.5,Макс. температура
3293,24766,1995-12-11,-38.2,Мин. температура
3293,24766,1995-12-18,-45.4,Мин. температура
3293,24766,1996-01-19,-53.5,Мин. температура
3293,24766,1996-01-21,-39.6,Макс. температура
3293,24766,1996-04-09,-25.9,Мин. температура
3293,24766,1996-05-28,6.2,Макс. температура
3293,24766,1996-11-26,-24.6,Мин. температура
3293,24766,1997-01-21,-53.6,Мин. температура
3293,24766,1997-02-19,-42.0,Мин. температура
3293,24766,1997-02-28,-41.3,Мин. температура
3293,24766,1997-03-06,-22.7,Макс. температура
3293,24766,1997-03-12,-18.3,Макс. температура
3293,24766,1997-04-26,-3.2,Мин. температура
3293,24766,1997-07-23,18.5,Мин. температура
3293,24766,1997-07-31,11.8,Мин. температура
3293,24766,1997-08-31,21.4,Макс. температура
3293,24766,1997-09-12,0.5,Мин. температура
3293,24766,1997-09-27,2.7,Мин. температура
3293,24766,1997-10-11,-4.5,Макс. температура
3293,24766,1997-11-12,-28.0,Макс. температура
3293,24766,1997-12-08,-48.3,Мин. температура
3293,24766,1997-12-12,-28.7,Макс. температура
3293,24766,1997-12-29,-50.0,Макс. температура
3293,24766,1998-01-06,,Макс. температура
3293,24766,1998-01-16,-46.8,Мин. температура
3293,24766,1998-02-16,-49.5,Мин. температура
3293,24766,1998-03-25,-19.2,Макс. температура
3293,24766,1998-03-30,-27.2,Мин. температура
3293,24766,1995-01-06,-44.4,Мин. температура
3293,24766,1995-03-29,-5.6,Макс. температура
3293,24766,1995-05-25,0.8,Мин. температура
3293,24766,1995-06-05,17.3,Макс. температура
3293,24766,1995-06-06,2.0,Мин. температура
3293,24766,1995-06-22,16.4,Мин. температура
3293,24766,1995-08-07,16.2,Макс. температура
3293,24766,1995-10-22,-3.1,Макс. температура
3293,24766,1995-11-25,-36.9,Макс. температура
3293,24766,1995-12-15,-46.0,Мин. температура
3293,24766,1995-12-21,-46.6,Мин. температура
3293,24766,1996-01-02,-47.9,Мин. температура
3293,24766,1996-01-16,-37.8,Макс. температура
3293,24766,1996-01-27,-34.4,Макс. температура
3293,24766,1996-02-02,-36.4,Макс. температура
3293,24766,1996-03-04,-48.7,Мин. температура
3293,24766,1996-03-28,-29.7,Мин. температура
3293,24766,1996-04-23,2.0,Макс. температура
3293,24766,1996-09-23,13.4,Макс. температура
3293,24766,1996-09-28,6.0,Макс. температура
3293,24766,1996-10-23,-20.0,Мин. температура
3293,24766,1996-11-10,-30.9,Макс. температура
3293,24766,1996-11-16,-42.4,Мин. температура
3293,24766,1996-11-29,-23.6,Макс. температура
3293,24766,1996-12-07,-49.4,Мин. температура
3293,24766,1996-12-17,-52.5,Мин. температура
3293,24766,1996-12-22,-43.0,Макс. температура
3293,24766,1996-12-27,-35.3,Макс. температура
3293,24766,1996-12-31,-41.7,Мин. температура
3293,24766,1997-01-14,-47.6,Макс. температура
3293,24766,1997-01-17,-48.0,Макс. температура
3293,24766,1997-02-16,-32.2,Макс. температура
3293,24766,1997-03-04,-48.5,Мин. температура
3293,24766,1997-04-14,-11.1,Мин. температура
3293,24766,1997-05-20,14.2,Макс. температура
3293,24766,1997-07-25,15.3,Мин. температура
3293,24766,1997-10-06,,Макс. температура
3293,24766,1997-10-27,-9.8,Макс. температура
3293,24766,1998-01-08,,Мин. температура
3293,24766,1998-01-30,-38.2,Макс. температура
3293,24766,1998-01-31,-35.1,Макс. температура
3293,24766,1998-02-08,-35.2,Макс. температура
3293,24766,1998-03-03,-25.0,Макс. температура
3293,24766,1998-03-14,-20.7,Макс. температура
3293,24766,1995-03-22,-18.2,Макс. температура
3293,24766,1995-05-06,12.1,Макс. температура
3293,24766,1995-05-24,0.3,Мин. температура
3293,24766,1995-06-15,10.0,Мин. температура
3293,24766,1995-07-26,12.7,Мин. температура
3293,24766,1995-08-01,26.2,Макс. температура
3293,24766,1995-09-16,-4.7,Мин. температура
3293,24766,1995-10-13,-18.4,Мин. температура
3293,24766,1995-11-01,-32.4,Мин. температура
3293,24766,1995-11-04,-26.6,Мин. температура
3293,24766,1995-11-24,-34.4,Макс. температура
3293,24766,1995-12-13,-37.9,Макс. температура
3293,24766,1995-12-20,-41.7,Макс. температура
3293,24766,1995-12-25,-46.0,Мин. температура
3293,24766,1996-01-20,-53.1,Мин. температура
3293,24766,1996-02-06,-40.7,Мин. температура
3293,24766,1996-03-01,-45.0,Мин. температура
3293,24766,1996-03-19,-35.7,Мин. температура
3293,24766,1996-04-26,-1.4,Мин. температура
3293,24766,1996-05-10,0.4,Мин. температура
3293,24766,1996-05-16,-5.9,Мин. температура
3293,24766,1996-05-24,8.9,Мин. температура
3293,24766,1996-10-03,10.1,Макс. температура
3293,24766,1996-10-22,-6.5,Макс. температура
3293,24766,1996-11-05,-44.1,Мин. температура
3293,24766,1996-11-18,-25.2,Макс. температура
3293,24766,1996-11-23,-18.8,Макс. температура
3293,24766,1996-12-11,-46.7,Мин. температура
3293,24766,1996-12-30,-26.3,Макс. температура
3293,24766,1997-02-09,-48.8,Мин. температура
3293,24766,1997-02-10,-33.1,Макс. температура
3293,24766,1997-02-17,-49.0,Мин. температура
3293,24766,1997-03-09,-20.4,Макс. температура
3293,24766,1997-04-17,-9.7,Мин. температура
3293,24766,1997-06-22,16.8,Макс. температура
3293,24766,1997-08-03,18.9,Мин. температура
3293,24766,1997-09-16,8.1,Макс. температура
3293,24766,1997-09-20,1.0,Мин. температура
3293,24766,1997-10-19,-2.2,Мин. температура
3293,24766,1997-10-29,-18.7,Мин. температура
3293,24766,1997-11-28,-49.7,Мин. температура
3293,24766,1997-12-26,-48.0,Мин. температура
3293,24766,1997-12-30,-53.1,Мин. температура
3293,24766,1995-01-20,-28.2,Макс. температура
3293,24766,1995-02-21,-37.3,Мин. температура
3293,24766,1995-02-23,-19.0,Макс. температура
3293,24766,1995-03-12,-9.9,Макс. температура
3293,24766,1995-03-31,-5.2,Макс. температура
3293,24766,1995-06-04,19.0,Макс. температура
3293,24766,1995-06-19,25.2,Макс. температура
3293,24766,1995-07-29,7.2,Мин. температура
3293,24766,1995-09-01,11.2,Макс. температура
3293,24766,1995-09-04,-2.3,Мин. температура
3293,24766,1995-09-28,-11.0,Мин. температура
3293,24766,1995-12-01,-27.7,Макс. температура
3293,24766,1995-12-25,-40.7,Макс. температура
3293,24766,1995-12-29,-45.0,Мин. температура
3293,24766,1996-01-07,-33.4,Макс. температура
3293,24766,1996-02-01,-45.1,Мин. температура
3293,24766,1996-02-12,-34.0,Макс. температура
3293,24766,1996-12-03,-44.2,Мин. температура
3293,24766,1997-01-09,-24.3,Макс. температура
3293,24766,1997-03-08,-20.5,Макс. температура
3293,24766,1997-03-25,-10.5,Макс. температура
3293,24766,1997-06-14,17.8,Макс. температура
3293,24766,1997-06-15,15.6,Макс. температура
3293,24766,1997-06-25,24.1,Макс. температура
3293,24766,1997-08-05,19.6,Мин. температура
3293,24766,1997-08-08,18.9,Мин. температура
3293,24766,1997-09-03,15.2,Макс. температура
3293,24766,1997-09-09,-1.4,Мин. температура
3293,24766,1997-11-10,-21.3,Мин. температура
3293,24766,1997-11-12,-37.2,Мин. температура
3293,24766,1997-11-16,-27.3,Макс. температура
3293,24766,1997-12-15,-33.5,Макс. температура
3293,24766,1998-01-04,,Мин. температура
3293,24766,1998-01-25,-47.4,Мин. температура
3293,24766,1998-02-20,-26.5,Макс. температура
3293,24766,1995-01-04,-46.4,Мин. температура
3293,24766,1995-01-10,-31.1,Макс. температура
3293,24766,1995-01-15,-51.1,Мин. температура
3293,24766,1995-03-13,-25.8,Мин. температура
3293,24766,1995-03-20,-42.5,Мин. температура
3293,24766,1995-05-14,4.5,Макс. температура
3293,24766,1995-06-02,3.0,Мин. температура
3293,24766,1995-06-14,16.5,Макс. температура
3293,24766,1995-07-22,23.4,Макс. температура
3293,24766,1995-10-16,-13.0,Мин. температура
3293,24766,1995-10-21,-5.1,Макс. температура
3293,24766,1995-11-02,-31.4,Мин. температура
3293,24766,1995-11-28,-22.8,Макс. температура
3293,24766,1996-03-05,-18.5,Макс. температура
3293,24766,1996-03-09,-17.1,Макс. температура
3293,24766,1996-04-27,-2.3,Мин. температура
3293,24766,1996-09-07,12.8,Макс. температура
3293,24766,1996-09-16,12.6,Макс. температура
3293,24766,1996-11-12,-31.8,Макс. температура
3293,24766,1996-12-11,-40.2,Макс. температура
3293,24766,1997-01-25,-48.2,Мин. температура
3293,24766,1997-02-11,-34.6,Макс. температура
3293,24766,1997-03-02,-44.0,Мин. температура
3293,24766,1997-03-24,-9.1,Макс. температура
3293,24766,1997-03-24,-35.5,Мин. температура
3293,24766,1997-04-21,-14.1,Мин. температура
3293,24766,1997-04-24,15.2,Макс. температура
3293,24766,1997-05-25,14.0,Макс. температура
3293,24766,1997-05-25,5.7,Мин. температура
3293,24766,1997-08-07,24.8,Макс. температура
3293,24766,1997-08-28,9.2,Мин. температура
3293,24766,1997-08-29,22.0,Макс. температура
3293,24766,1997-09-21,7.2,Макс. температура
3293,24766,1997-10-06,,Мин. температура
3293,24766,1997-10-17,-1.8,Мин. температура
3293,24766,1997-10-20,-11.2,Мин. температура
3293,24766,1997-11-19,-33.0,Макс. температура
3293,24766,1997-12-20,-53.3,Мин. температура
3293,24766,1998-01-20,-51.6,Мин. температура
3293,24766,1995-02-10,-24.0,Макс. температура
3293,24766,1995-04-30,3.6,Макс. температура
3293,24766,1995-06-13,6.5,Мин. температура
3293,24766,1995-09-22,7.1,Макс. температура
3293,24766,1995-10-01,-4.0,Мин. температура
3293,24766,1995-10-08,-1.8,Макс. температура
3293,24766,1995-10-14,-5.5,Макс. температура
3293,24766,1995-11-09,-21.4,Макс. температура
3293,24766,1995-11-26,-34.7,Макс. температура
3293,24766,1995-11-29,-29.2,Макс. температура
3293,24766,1995-12-12,-30.2,Макс. температура
3293,24766,1996-01-26,-47.6,Мин. температура
3293,24766,1996-02-04,-44.8,Мин. температура
3293,24766,1996-02-21,-23.7,Макс. температура
3293,24766,1996-02-29,-25.0,Макс. температура
3293,24766,1996-03-25,-35.7,Мин. температура
3293,24766,1996-04-08,-23.8,Мин. температура
3293,24766,1996-04-19,1.7,Макс. температура
3293,24766,1996-04-25,-1.3,Мин. температура
3293,24766,1996-04-30,-3.4,Мин. температура
3293,24766,1996-09-06,14.2,Макс. температура
3293,24766,1996-11-01,-27.7,Макс. температура
3293,24766,1996-12-05,-48.1,Мин. температура
3293,24766,1996-12-08,-47.2,Мин. температура
3293,24766,1996-12-10,-40.3,Мин. температура
3293,24766,1997-01-16,-53.2,Мин. температура
3293,24766,1997-05-12,-4.4,Мин. температура
3293,24766,1997-05-30,25.2,Макс. температура
3293,24766,1997-07-15,6.8,Мин. температура
3293,24766,1997-09-23,6.4,Макс. температура
3293,24766,1997-09-29,8.4,Макс. температура
3293,24766,1997-10-08,,Макс. температура
3293,24766,1997-10-28,-11.2,Макс. температура
3293,24766,1997-11-05,-11.4,Мин. температура
3293,24766,1997-12-26,-32.4,Макс. температура
3293,24766,1998-01-11,,Макс. температура
3293,24766,1998-02-13,-31.7,Макс. температура
3293,24766,1998-02-16,-35.6,Макс. температура
3293,24766,1998-03-06,-35.5,Мин. температура
3293,24766,1995-02-04,-41.7,Мин. температура
3293,24766,1995-04-16,-23.8,Мин. температура
3293,24766,1995-05-21,5.7,Мин. температура
3293,24766,1995-07-31,11.0,Мин. температура
3293,24766,1995-08-04,23.6,Макс. температура
3293,24766,1995-08-17,6.0,Мин. температура
3293,24766,1995-08-22,6.5,Мин. температура
3293,24766,1995-08-23,2.0,Мин. температура
3293,24766,1995-09-14,-6.5,Мин. температура
3293,24766,1995-09-18,-0.6,Мин. температура
3293,24766,1995-09-21,7.4,Макс. температура
3293,24766,1995-10-06,-12.6,Мин. температура
3293,24766,1995-11-06,-20.3,Макс. температура
3293,24766,1995-12-02,-28.8,Макс. температура
3293,24766,1996-01-05,-39.0,Макс. температура
3293,24766,1996-02-10,-27.2,Макс. температура
3293,24766,1996-02-12,-45.9,Мин. температура
3293,24766,1996-03-24,-15.3,Макс. температура
3293,24766,1996-04-04,-1.2,Макс. температура
3293,24766,1996-04-16,1.2,Макс. температура
3293,24766,1996-05-13,2.3,Мин. температура
3293,24766,1996-05-26,17.2,Макс. температура
3293,24766,1996-10-27,-33.4,Мин. температура
3293,24766,1997-01-02,-34.3,Мин. температура
3293,24766,1997-02-03,-28.3,Макс. температура
3293,24766,1997-03-31,-10.2,Макс. температура
3293,24766,1997-04-06,2.3,Макс. температура
3293,24766,1997-04-06,-24.4,Мин. температура
3293,24766,1997-06-10,16.4,Макс. температура
3293,24766,1997-10-19,3.8,Макс. температура
3293,24766,1997-10-27,-16.5,Мин. температура
3293,24766,1997-11-06,-8.8,Макс. температура
3293,24766,1997-11-08,-29.0,Мин. температура
3293,24766,1998-01-02,,Мин. температура
3293,24766,1998-01-07,,Мин. температура
3293,24766,1995-01-27,-41.1,Мин. температура
3293,24766,1995-03-03,-18.2,Макс. температура
3293,24766,1995-03-09,-10.2,Макс. температура
3293,24766,1995-04-15,1.2,Макс. температура
3293,24766,1995-07-07,14.5,Мин. температура
3293,24766,1995-07-24,17.5,Макс. температура
3293,24766,1995-07-28,7.8,Мин. температура
3293,24766,1995-08-05,7.2,Мин. температура
3293,24766,1995-08-24,23.8,Макс. температура
3293,24766,1995-09-13,-1.8,Мин. температура
3293,24766,1995-09-30,0.0,Мин. температура
3293,24766,1995-10-12,-0.4,Макс. температура
3293,24766,1995-10-13,-4.6,Макс. температура
3293,24766,1995-12-04,-39.0,Мин. температура
3293,24766,1995-12-30,-36.4,Макс. температура
3293,24766,1996-01-07,-36.2,Мин. температура
3293,24766,1996-01-19,-43.4,Макс. температура
3293,24766,1996-01-31,-45.3,Мин. температура
3293,24766,1996-02-20,-50.3,Мин. температура
3293,24766,1996-03-02,-49.0,Мин. температура
3293,24766,1996-03-14,-26.2,Мин. температура
3293,24766,1996-04-10,0.3,Макс. температура
3293,24766,1996-05-15,-6.8,Мин. температура
3293,24766,1996-09-10,4.7,Мин. температура
3293,24766,1996-09-16,-4.3,Мин. температура
3293,24766,1996-10-15,-16.8,Мин. температура
3293,24766,1996-11-24,-35.5,Мин. температура
3293,24766,1996-11-28,-22.0,Макс. температура
3293,24766,1997-01-13,-43.0,Макс. температура
3293,24766,1997-01-15,-52.8,Мин. температура
3293,24766,1997-02-06,-42.1,Мин. температура
3293,24766,1997-02-28,-30.6,Макс. температура
3293,24766,1997-03-27,-20.0,Мин. температура
3293,24766,1997-04-12,-30.5,Мин. температура
3293,24766,1997-04-22,9.9,Макс. температура
3293,24766,1997-06-09,2.5,Мин. температура
3293,24766,1997-07-18,16.9,Мин. температура
3293,24766,1997-08-04,18.0,Мин. температура
3293,24766,1997-08-11,18.2,Мин. температура
3293,24766,1997-09-25,2.0,Мин. температура
3293,24766,1997-10-04,,Макс. температура
3293,24766,1997-10-14,-7.7,Мин. температура
3293,24766,1997-12-28,-45.3,Макс. температура
3293,24766,1998-01-10,,Мин. температура
3293,24766,1998-01-16,-37.1,Макс. температура
3293,24766,1998-01-22,-43.3,Мин. температура
3293,24766,1998-02-22,-42.3,Мин. температура
3293,24766,1998-03-29,-21.8,Мин. температура
3293,24766,1995-01-13,-47.2,Мин. температура
3293,24766,1995-02-07,-26.9,Макс. температура
3293,24766,1995-02-19,-32.5,Мин. температура
3293,24766,1995-02-27,-20.6,Макс. температура
3293,24766,1995-03-02,-19.4,Макс. температура
3293,24766,1995-03-02,-39.3,Мин. температура
3293,24766,1995-04-07,-28.0,Мин. температура
3293,24766,1995-04-16,4.3,Макс. температура
3293,24766,1995-04-19,6.0,Макс. температура
3293,24766,1995-05-07,9.8,Макс. температура
3293,24766,1995-05-27,20.2,Макс. температура
3293,24766,1995-07-21,6.1,Мин. температура
3293,24766,1995-07-22,5.7,Мин. температура
3293,24766,1995-07-23,9.6,Мин. температура
3293,24766,1995-08-14,17.2,Макс. температура
3293,24766,1995-08-20,3.5,Мин. температура
3293,24766,1995-08-25,24.0,Макс. температура
3293,24766,1995-09-30,1.6,Макс. температура
3293,24766,1995-10-19,1.0,Макс. температура
3293,24766,1995-10-21,-15.1,Мин. температура
3293,24766,1995-12-06,-44.9,Мин. температура
3293,24766,1996-01-29,-45.9,Мин. температура
3293,24766,1996-02-29,-36.2,Мин. температура
3293,24766,1996-03-29,-8.2,Макс. температура
3293,24766,1996-04-01,-3.7,Макс. температура
3293,24766,1996-04-12,-23.9,Мин. температура
3293,24766,1996-05-20,13.3,Макс. температура
3293,24766,1996-09-13,13.2,Макс. температура
3293,24766,1996-10-01,4.2,Макс. температура
3293,24766,1996-10-06,4.1,Макс. температура
3293,24766,1996-10-09,-9.8,Мин. температура
3293,24766,1996-11-14,-31.6,Макс. температура
3293,24766,1996-12-24,-42.4,Макс. температура
3293,24766,1997-01-05,-42.3,Мин. температура
3293,24766,1997-01-10,-22.1,Макс. температура
3293,24766,1997-01-20,-52.9,Мин. температура
3293,24766,1997-03-11,-20.0,Макс. температура
3293,24766,1997-03-19,-30.5,Мин. температура
3293,24766,1997-04-15,10.8,Макс. температура
3293,24766,1997-05-14,-4.1,Мин. температура
3293,24766,1997-06-24,6.5,Мин. температура
3293,24766,1997-06-26,9.2,Мин. температура
3293,24766,1997-06-30,14.9,Макс. температура
3293,24766,1997-08-13,26.8,Макс. температура
3293,24766,1997-08-22,23.8,Макс. температура
3293,24766,1997-09-28,5.0,Макс. температура
3293,24766,1997-10-08,,Мин. температура
3293,24766,1997-10-16,-2.6,Мин. температура
3293,24766,1997-10-21,-17.9,Мин. температура
3293,24766,1997-10-23,-4.8,Макс. температура
3293,24766,1997-11-19,-41.2,Мин. температура
3293,24766,1997-11-22,-45.4,Макс. температура
3293,24766,1997-11-22,-50.1,Мин. температура
3293,24766,1997-12-11,-49.4,Мин. температура
3293,24766,1998-01-14,-50.3,Мин. температура
3293,24766,1998-01-15,-40.0,Макс. температура
3293,24766,1995-01-11,-30.4,Макс. температура
3293,24766,1995-01-14,-46.9,Мин. температура
3293,24766,1995-01-24,-52.1,Мин. температура
3293,24766,1995-03-06,-10.2,Макс. температура
3293,24766,1995-03-23,-44.2,Мин. температура
3293,24766,1995-03-28,-35.3,Мин. температура
3293,24766,1995-04-08,-2.0,Макс. температура
3293,24766,1995-05-03,1.7,Макс. температура
3293,24766,1995-05-09,-1.0,Мин. температура
3293,24766,1995-06-01,25.8,Макс. температура
3293,24766,1995-06-27,31.2,Макс. температура
3293,24766,1995-07-27,25.5,Макс. температура
3293,24766,1995-08-12,14.7,Макс. температура
3293,24766,1995-10-16,-1.1,Макс. температура
3293,24766,1995-10-27,-2.8,Макс. температура
3293,24766,1995-11-01,-11.5,Макс. температура
3293,24766,1996-03-03,-26.3,Макс. температура
3293,24766,1996-09-05,11.5,Макс. температура
3293,24766,1996-09-11,6.3,Мин. температура
3293,24766,1996-09-23,8.4,Мин. температура
3293,24766,1996-09-25,6.2,Макс. температура
3293,24766,1996-11-24,-18.2,Макс. температура
3293,24766,1996-11-30,-27.0,Мин. температура
3293,24766,1996-12-22,-52.4,Мин. температура
3293,24766,1997-01-04,-41.0,Мин. температура
3293,24766,1997-01-22,-53.1,Мин. температура
3293,24766,1997-02-07,-44.3,Мин. температура
3293,24766,1997-03-14,-39.4,Мин. температура
3293,24766,1997-06-11,10.2,Мин. температура
3293,24766,1997-06-29,15.8,Макс. температура
3293,24766,1997-07-05,24.4,Макс. температура
3293,24766,1997-07-18,25.6,Макс. температура
3293,24766,1997-09-29,1.2,Мин. температура
3293,24766,1997-12-18,-55.3,Мин. температура
3293,24766,1998-01-15,-48.7,Мин. температура
3293,24766,1998-03-03,-45.2,Мин. температура
3293,24766,1995-02-03,-24.0,Макс. температура
3293,24766,1995-04-21,1.5,Макс. температура
3293,24766,1995-04-25,-10.2,Мин. температура
3293,24766,1995-07-12,15.7,Макс. температура
3293,24766,1995-07-25,13.6,Мин. температура
3293,24766,1995-09-25,4.7,Макс. температура
3293,24766,1995-10-04,5.3,Макс. температура
3293,24766,1995-10-17,-1.6,Макс. температура
3293,24766,1995-11-24,-40.5,Мин. температура
3293,24766,1996-01-01,-39.6,Макс. температура
3293,24766,1996-01-12,-36.8,Макс. температура
3293,24766,1996-01-25,-40.2,Макс. температура
3293,24766,1996-02-22,-20.1,Макс. температура
3293,24766,1996-02-27,-38.1,Мин. температура
3293,24766,1996-03-31,-2.4,Макс. температура
3293,24766,1996-04-21,-20.5,Мин. температура
3293,24766,1996-05-25,0.4,Мин. температура
3293,24766,1996-09-12,17.2,Макс. температура
3293,24766,1996-10-17,-20.5,Мин. температура
3293,24766,1996-12-06,-40.5,Макс. температура
3293,24766,1996-12-09,-41.3,Мин. температура
3293,24766,1996-12-13,-54.8,Мин. температура
3293,24766,1996-12-14,-55.4,Мин. температура
3293,24766,1996-12-26,-38.4,Макс. температура
3293,24766,1997-01-07,-42.9,Мин. температура
3293,24766,1997-02-23,-27.4,Макс. температура
3293,24766,1997-03-30,-37.6,Мин. температура
3293,24766,1997-04-07,-24.2,Мин. температура
3293,24766,1997-04-30,-9.7,Мин. температура
3293,24766,1997-05-04,7.9,Макс. температура
3293,24766,1997-06-01,17.8,Макс. температура
3293,24766,1997-06-16,8.4,Мин. температура
3293,24766,1997-06-19,23.4,Макс. температура
3293,24766,1997-06-20,6.2,Мин. температура
3293,24766,1997-07-03,7.1,Мин. температура
3293,24766,1997-07-14,26.6,Макс. температура
3293,24766,1997-07-24,15.4,Мин. температура
3293,24766,1997-08-09,11.0,Мин. температура
3293,24766,1997-11-11,-25.5,Мин. температура
3293,24766,1997-11-13,-17.4,Макс. температура
3293,24766,1997-12-21,-52.3,Мин. температура
3293,24766,1998-01-28,-36.5,Макс. температура
3293,24766,1998-02-07,-48.3,Мин. температура
3293,24766,1998-03-07,-15.6,Макс. температура
3293,24766,1998-03-28,-11.6,Макс. температура
3293,24766,1998-04-01,-25.0,Макс. температура
3293,24766,1995-02-12,-23.0,Макс. температура
3293,24766,1995-03-09,-35.1,Мин. температура
3293,24766,1995-03-20,-21.9,Макс. температура
3293,24766,1995-04-18,-7.4,Мин. температура
3293,24766,1995-04-23,5.2,Макс. температура
3293,24766,1995-04-27,-4.2,Мин. температура
3293,24766,1995-06-02,19.4,Макс. температура
3293,24766,1995-06-08,16.4,Макс. температура
3293,24766,1995-06-12,10.1,Мин. температура
3293,24766,1995-07-06,30.3,Макс. температура
3293,24766,1995-07-13,3.8,Мин. температура
3293,24766,1995-07-21,26.6,Макс. температура
3293,24766,1995-07-24,14.5,Мин. температура
3293,24766,1995-08-10,13.4,Макс. температура
3293,24766,1995-12-18,-42.7,Макс. температура
3293,24766,1996-02-09,-45.8,Мин. температура
3293,24766,1996-04-21,4.3,Макс. температура
3293,24766,1996-05-06,-2.8,Мин. температура
3293,24766,1996-09-22,1.9,Мин. температура
3293,24766,1996-10-26,-21.9,Мин. температура
3293,24766,1996-11-26,-15.6,Макс. температура
3293,24766,1997-01-19,-54.1,Мин. температура
3293,24766,1997-01-27,-38.2,Макс. температура
3293,24766,1997-01-29,-26.3,Макс. температура
3293,24766,1997-03-23,-29.7,Мин. температура
3293,24766,1997-03-31,-36.6,Мин. температура
3293,24766,1997-04-02,-5.5,Макс. температура
3293,24766,1997-04-05,-17.2,Мин. температура
3293,24766,1997-04-20,2.7,Макс. температура
3293,24766,1997-05-26,16.2,Макс. температура
3293,24766,1997-05-28,19.1,Макс. температура
3293,24766,1997-05-28,2.4,Мин. температура
3293,24766,1997-06-07,18.6,Макс. температура
3293,24766,1997-07-11,23.3,Макс. температура
3293,24766,1997-07-26,23.0,Макс. температура
3293,24766,1997-09-16,-0.2,Мин. температура
3293,24766,1997-10-05,,Макс. температура
3293,24766,1997-10-28,-23.6,Мин. температура
3293,24766,1997-10-31,-4.9,Макс. температура
3293,24766,1997-11-13,-22.7,Мин. температура
3293,24766,1997-11-25,-35.6,Макс. температура
3293,24766,1997-11-26,-40.8,Макс. температура
3293,24766,1997-12-30,-48.8,Макс. температура
3293,24766,1998-02-12,-44.6,Мин. температура
3293,24766,1998-02-27,-38.2,Мин. температура
3293,24766,1995-01-05,-45.3,Мин. температура
3293,24766,1995-01-09,-46.9,Мин. температура
3293,24766,1995-03-04,-15.9,Макс. температура
3293,24766,1995-04-03,-7.0,Макс. температура
3293,24766,1995-05-02,3.1,Макс. температура
3293,24766,1995-05-18,12.4,Макс. температура
3293,24766,1995-06-06,13.0,Макс. температура
3293,24766,1995-07-26,23.3,Макс. температура
3293,24766,1995-10-28,-4.5,Макс. температура
3293,24766,1995-12-01,-34.5,Мин. температура
3293,24766,1996-01-12,-47.7,Мин. температура
3293,24766,1996-01-22,-39.8,Макс. температура
3293,24766,1996-02-15,-41.0,Макс. температура
3293,24766,1996-09-10,13.7,Макс. температура
3293,24766,1996-10-21,-10.8,Мин. температура
3293,24766,1996-10-27,-13.8,Макс. температура
3293,24766,1996-10-28,-17.4,Макс. температура
3293,24766,1996-10-28,-31.2,Мин. температура
3293,24766,1996-10-29,-32.6,Мин. температура
3293,24766,1996-12-13,-47.7,Макс. температура
3293,24766,1997-05-08,-1.5,Мин. температура
3293,24766,1997-09-17,8.4,Макс. температура
3293,24766,1997-10-01,0.2,Макс. температура
3293,24766,1997-10-09,,Мин. температура
3293,24766,1997-10-29,-10.4,Макс. температура
3293,24766,1997-10-30,-12.8,Макс. температура
3293,24766,1998-01-24,-46.4,Мин. температура
3293,24766,1998-02-05,-38.5,Макс. температура
3293,24766,1998-03-06,-21.5,Макс. температура
3293,24766,1995-01-21,-50.3,Мин. температура
3293,24766,1995-01-22,-32.0,Макс. температура
3293,24766,1995-02-14,-40.3,Мин. температура
3293,24766,1995-03-31,-32.1,Мин. температура
3293,24766,1995-04-01,-31.7,Мин. температура
3293,24766,1995-04-10,-27.2,Мин. температура
3293,24766,1995-05-31,24.6,Макс. температура
3293,24766,1995-08-02,27.3,Макс. температура
3293,24766,1995-08-05,27.8,Макс. температура
3293,24766,1995-09-26,6.5,Макс. температура
3293,24766,1995-10-19,-10.8,Мин. температура
3293,24766,1995-12-12,-39.3,Мин. температура
3293,24766,1996-02-18,-33.7,Макс. температура
3293,24766,1996-02-22,-33.6,Мин. температура
3293,24766,1996-03-08,-18.1,Макс. температура
3293,24766,1996-03-17,-38.9,Мин. температура
3293,24766,1996-04-27,7.5,Макс. температура
3293,24766,1996-04-29,8.4,Макс. температура
3293,24766,1996-09-24,4.3,Мин. температура
3293,24766,1996-09-27,8.7,Макс. температура
3293,24766,1996-12-15,-50.4,Макс. температура
3293,24766,1996-12-18,-44.0,Мин. температура
3293,24766,1996-12-26,-48.7,Мин. температура
3293,24766,1997-01-21,-45.1,Макс. температура
3293,24766,1997-02-21,-42.4,Мин. температура
3293,24766,1997-04-10,-2.6,Макс. температура
3293,24766,1997-04-13,6.3,Макс. температура
3293,24766,1997-05-01,9.4,Макс. температура
3293,24766,1997-06-08,22.7,Макс. температура
3293,24766,1997-07-19,22.5,Макс. температура
3293,24766,1997-07-27,25.7,Макс. температура
3293,24766,1997-09-10,4.5,Макс. температура
3293,24766,1997-12-02,-48.6,Макс. температура
3293,24766,1998-01-18,-38.4,Макс. температура
3293,24766,1998-01-19,-51.3,Мин. температура
3293,24766,1998-02-11,-22.5,Макс. температура
3293,24766,1998-03-20,-37.9,Мин. температура
3293,24766,1995-01-12,-41.5,Мин. температура
3293,24766,1995-01-28,-25.8,Макс. температура
3293,24766,1995-03-26,-38.0,Мин. температура
3293,24766,1995-05-15,-3.6,Мин. температура
3293,24766,1995-06-14,7.0,Мин. температура
3293,24766,1995-06-28,11.8,Мин. температура
3293,24766,1995-07-14,8.2,Мин. температура
3293,24766,1995-07-29,25.7,Макс. температура
3293,24766,1995-08-09,5.7,Мин. температура
3293,24766,1995-08-12,7.9,Мин. температура
3293,24766,1995-09-15,-11.0,Мин. температура
3293,24766,1995-09-24,2.5,Макс. температура
3293,24766,1995-10-09,-5.8,Мин. температура
3293,24766,1995-11-14,-37.8,Мин. температура
3293,24766,1995-12-31,-44.7,Мин. температура
3293,24766,1996-01-06,-32.2,Макс. температура
3293,24766,1996-02-24,-36.6,Мин. температура
3293,24766,1996-02-26,-26.2,Макс. температура
3293,24766,1996-03-26,-10.5,Макс. температура
3293,24766,1996-05-17,-2.2,Мин. температура
3293,24766,1996-09-20,-2.2,Мин. температура
3293,24766,1996-10-09,4.8,Макс. температура
3293,24766,1996-11-09,-41.3,Мин. температура
3293,24766,1996-12-04,-34.5,Макс. температура
3293,24766,1996-12-17,-39.9,Макс. температура
3293,24766,1996-12-31,-34.0,Макс. температура
3293,24766,1997-01-14,-53.1,Мин. температура
3293,24766,1997-01-16,-47.1,Макс. температура
3293,24766,1997-01-31,-26.1,Мин. температура
3293,24766,1997-02-13,-47.5,Мин. температура
3293,24766,1997-02-16,-45.6,Мин. температура
3293,24766,1997-03-09,-37.4,Мин. температура
3293,24766,1997-04-14,8.4,Макс. температура
3293,24766,1997-06-23,8.8,Мин. температура
3293,24766,1997-06-29,10.2,Мин. температура
3293,24766,1997-07-04,12.2,Мин. температура
3293,24766,1997-07-05,11.3,Мин. температура
3293,24766,1997-07-13,14.3,Мин. температура
3293,24766,1997-08-12,18.0,Мин. температура
3293,24766,1997-08-13,21.4,Мин. температура
3293,24766,1997-08-24,19.3,Макс. температура
3293,24766,1997-09-19,1.0,Мин. температура
3293,24766,1998-02-28,-10.8,Макс. температура
3293,24766,1998-03-18,-13.5,Макс. температура
3293,24766,1995-01-03,-31.0,Макс. температура
3293,24766,1995-01-09,-40.8,Макс. температура
3293,24766,1995-02-26,-13.9,Макс. температура
3293,24766,1995-02-28,-37.4,Мин. температура
3293,24766,1995-05-18,-5.8,Мин. температура
3293,24766,1995-05-30,2.0,Мин. температура
3293,24766,1995-06-18,13.2,Мин. температура
3293,24766,1995-06-25,14.8,Мин. температура
3293,24766,1995-06-30,28.9,Макс. температура
3293,24766,1995-07-18,9.6,Мин. температура
3293,24766,1995-07-25,20.0,Макс. температура
3293,24766,1995-08-15,-0.6,Мин. температура
3293,24766,1995-08-30,19.3,Макс. температура
3293,24766,1995-09-13,7.5,Макс. температура
3293,24766,1995-10-27,-14.1,Мин. температура
3293,24766,1995-11-11,-18.9,Макс. температура
3293,24766,1995-11-12,-17.7,Макс. температура
3293,24766,1995-12-27,-40.2,Мин. температура
3293,24766,1996-01-14,-41.6,Макс. температура
3293,24766,1996-02-08,-45.2,Мин. температура
3293,24766,1996-03-08,-36.2,Мин. температура
3293,24766,1996-04-14,-24.1,Мин. температура
3293,24766,1996-11-03,-43.7,Мин. температура
3293,24766,1996-11-14,-42.0,Мин. температура
3293,24766,1996-12-05,-44.0,Макс. температура
3293,24766,1997-02-12,-47.3,Мин. температура
3293,24766,1997-02-27,-27.9,Макс. температура
3293,24766,1997-05-12,12.1,Макс. температура
3293,24766,1997-05-27,-1.4,Мин. температура
3293,24766,1997-08-04,24.4,Макс. температура
3293,24766,1997-10-01,-2.0,Мин. температура
3293,24766,1997-10-16,-0.4,Макс. температура
3293,24766,1998-01-05,,Мин. температура
3293,24766,1998-01-12,-44.9,Макс. температура
3293,24766,1995-02-17,-29.1,Мин. температура
3293,24766,1995-04-17,-20.2,Мин. температура
3293,24766,1995-04-21,-6.0,Мин. температура
3293,24766,1995-05-09,2.5,Макс. температура
3293,24766,1995-05-17,9.0,Макс. температура
3293,24766,1995-07-11,16.0,Макс. температура
3293,24766,1995-08-27,1.4,Мин. температура
3293,24766,1995-10-25,-0.4,Макс. температура
3293,24766,1996-03-06,-15.3,Макс. температура
3293,24766,1996-10-24,-3.0,Макс. температура
3293,24766,1997-01-08,-40.4,Мин. температура
3293,24766,1997-01-12,-47.3,Мин. температура
3293,24766,1997-01-17,-53.2,Мин. температура
3293,24766,1997-03-06,-43.5,Мин. температура
3293,24766,1997-03-15,-11.3,Макс. температура
3293,24766,1997-03-18,-4.0,Макс. температура
3293,24766,1997-04-23,13.0,Макс. температура
3293,24766,1997-05-08,6.5,Макс. температура
3293,24766,1997-06-24,20.7,Макс. температура
3293,24766,1997-07-02,28.0,Макс. температура
3293,24766,1997-08-10,21.2,Макс. температура
3293,24766,1997-09-27,6.4,Макс. температура
3293,24766,1997-10-05,,Мин. температура
3293,24766,1997-12-13,-37.7,Макс. температура
3293,24766,1997-12-17,-48.3,Макс. температура
3293,24766,1998-01-17,-37.6,Макс. температура
3293,24766,1998-03-14,-43.0,Мин. температура
3293,24766,1998-03-16,-11.0,Макс. температура
3293,24766,1998-04-01,-27.1,Мин. температура
3293,24766,1995-01-04,-37.2,Макс. температура
3293,24766,1995-03-15,-35.3,Мин. температура
3293,24766,1995-03-27,-35.8,Мин. температура
3293,24766,1995-04-11,-26.0,Мин. температура
3293,24766,1995-04-12,-5.3,Макс. температура
3293,24766,1995-04-28,5.0,Макс. температура
3293,24766,1995-08-21,6.0,Мин. температура
3293,24766,1995-09-07,-2.3,Мин. температура
3293,24766,1995-10-15,-16.3,Мин. температура
3293,24766,1995-10-26,-6.1,Мин. температура
3293,24766,1995-11-17,-21.9,Макс. температура
3293,24766,1995-12-21,-42.2,Макс. температура
3293,24766,1996-01-15,-43.8,Макс. температура
3293,24766,1996-02-19,-32.0,Макс. температура
3293,24766,1996-05-03,0.8,Мин. температура
3293,24766,1996-05-08,-3.2,Мин. температура
3293,24766,1996-05-23,-1.1,Мин. температура
3293,24766,1996-09-18,-1.7,Мин. температура
3293,24766,1996-09-27,2.0,Мин. температура
3293,24766,1996-10-06,-5.0,Мин. температура
3293,24766,1996-10-31,-38.2,Мин. температура
3293,24766,1996-11-13,-33.0,Макс. температура
3293,24766,1997-02-11,-46.9,Мин. температура
3293,24766,1997-02-24,-46.7,Мин. температура
3293,24766,1997-06-02,21.6,Макс. температура
3293,24766,1997-06-27,23.2,Макс. температура
3293,24766,1997-07-09,9.5,Мин. температура
3293,24766,1997-07-13,23.3,Макс. температура
3293,24766,1997-11-23,-35.4,Макс. температура
3293,24766,1997-11-29,-49.2,Мин. температура
3293,24766,1997-12-19,-47.0,Макс. температура
3293,24766,1998-01-27,-40.5,Макс. температура
3293,24766,1998-02-12,-32.7,Макс. температура
3293,24766,1998-03-09,-36.4,Мин. температура
3293,24766,1995-01-26,-43.0,Мин. температура
3293,24766,1995-04-20,-10.0,Мин. температура
3293,24766,1995-05-01,-0.4,Мин. температура
3293,24766,1995-05-22,2.2,Мин. температура
3293,24766,1995-07-10,7.8,Мин. температура
3293,24766,1995-09-01,6.2,Мин. температура
3293,24766,1995-10-09,0.2,Макс. температура
3293,24766,1995-10-20,2.0,Макс. температура
3293,24766,1995-10-22,-21.3,Мин. температура
3293,24766,1995-11-08,-37.0,Мин. температура
3293,24766,1995-12-30,-46.1,Мин. температура
3293,24766,1996-01-11,-25.6,Макс. температура
3293,24766,1996-03-03,-49.8,Мин. температура
3293,24766,1996-03-11,-16.1,Макс. температура
3293,24766,1996-04-12,-0.4,Макс. температура
3293,24766,1996-04-24,-1.8,Мин. температура
3293,24766,1996-09-02,-1.2,Мин. температура
3293,24766,1996-10-19,-7.2,Мин. температура
3293,24766,1996-12-09,-31.7,Макс. температура
3293,24766,1997-02-08,-36.9,Макс. температура
3293,24766,1997-02-14,-46.8,Мин. температура
3293,24766,1997-04-16,-12.4,Мин. температура
3293,24766,1997-04-19,1.7,Макс. температура
3293,24766,1997-04-22,-13.1,Мин. температура
3293,24766,1997-04-25,5.2,Макс. температура
3293,24766,1997-05-09,-6.2,Мин. температура
3293,24766,1997-08-17,26.4,Макс. температура
3293,24766,1997-08-30,22.9,Макс. температура
3293,24766,1997-11-08,-15.3,Макс. температура
3293,24766,1997-11-25,-38.5,Мин. температура
3293,24766,1997-12-31,-54.5,Мин. температура
3293,24766,1998-01-26,-40.7,Макс. температура
3293,24766,1998-02-03,-40.0,Макс. температура
3293,24766,1998-02-13,-41.0,Мин. температура
3293,24766,1998-02-26,-14.8,Макс. температура
3293,24766,1995-03-03,-39.5,Мин. температура
3293,24766,1995-03-17,-42.8,Мин. температура
3293,24766,1995-04-02,-6.1,Макс. температура
3293,24766,1995-05-11,11.6,Макс. температура
3293,24766,1995-05-13,7.5,Макс. температура
3293,24766,1995-05-20,4.2,Мин. температура
3293,24766,1995-06-17,7.2,Мин. температура
3293,24766,1995-06-21,9.5,Мин. температура
3293,24766,1995-06-24,28.1,Макс. температура
3293,24766,1995-06-26,12.3,Мин. температура
3293,24766,1995-07-09,13.2,Мин. температура
3293,24766,1995-08-18,12.5,Макс. температура
3293,24766,1995-09-20,8.1,Макс. температура
3293,24766,1995-09-20,0.2,Мин. температура
3293,24766,1995-09-29,3.3,Макс. температура
3293,24766,1995-10-24,-3.4,Макс. температура
3293,24766,1995-11-25,-42.0,Мин. температура
3293,24766,1996-01-18,-43.8,Макс. температура
3293,24766,1996-02-05,-37.9,Мин. температура
3293,24766,1996-03-10,-41.9,Мин. температура
3293,24766,1996-03-15,-19.6,Макс. температура
3293,24766,1996-05-11,13.3,Макс. температура
3293,24766,1996-05-30,-3.7,Мин. температура
3293,24766,1996-09-04,9.1,Макс. температура
3293,24766,1996-09-20,3.3,Макс. температура
3293,24766,1996-11-10,-45.3,Мин. температура
3293,24766,1996-12-18,-41.6,Макс. температура
3293,24766,1997-01-28,-48.6,Мин. температура
3293,24766,1997-02-24,-27.4,Макс. температура
3293,24766,1997-03-03,-26.2,Макс. температура
3293,24766,1997-04-18,2.4,Макс. температура
3293,24766,1997-04-29,-9.5,Мин. температура
3293,24766,1997-06-13,8.2,Мин. температура
3293,24766,1997-06-16,13.7,Макс. температура
3293,24766,1997-06-28,6.6,Мин. температура
3293,24766,1997-07-12,21.5,Макс. температура
3293,24766,1997-09-24,8.2,Макс. температура
3293,24766,1997-10-04,,Мин. температура
3293,24766,1997-10-15,-4.4,Мин. температура
3293,24766,1997-10-22,-9.1,Мин. температура
3293,24766,1997-11-05,-6.4,Макс. температура
3293,24766,1997-11-27,-43.2,Макс. температура
3293,24766,1997-12-04,-45.9,Макс. температура
3293,24766,1997-12-20,-47.6,Макс. температура
3293,24766,1998-01-04,,Макс. температура
3293,24766,1998-01-17,-43.8,Мин. температура
3293,24766,1998-02-25,-13.2,Макс. температура
3293,24766,1998-03-26,-14.8,Макс. температура
3293,24766,1995-02-01,-40.0,Мин. температура
3293,24766,1995-02-17,-11.9,Макс. температура
3293,24766,1995-04-23,-8.9,Мин. температура
3293,24766,1995-04-24,-12.9,Мин. температура
3293,24766,1995-06-19,4.0,Мин. температура
3293,24766,1995-07-05,13.5,Мин. температура
3293,24766,1995-08-16,5.0,Мин. температура
3293,24766,1995-08-25,9.0,Мин. температура
3293,24766,1995-11-11,-31.8,Мин. температура
3293,24766,1995-12-31,-24.6,Макс. температура
3293,24766,1996-01-02,-30.8,Макс. температура
3293,24766,1996-01-23,-39.0,Макс. температура
3293,24766,1996-03-19,-14.2,Макс. температура
3293,24766,1996-03-29,-31.6,Мин. температура
3293,24766,1996-05-01,-10.0,Мин. температура
3293,24766,1996-05-15,13.9,Макс. температура
3293,24766,1996-05-17,15.3,Макс. температура
3293,24766,1996-11-09,-29.6,Макс. температура
3293,24766,1997-04-27,-0.8,Макс. температура
3293,24766,1997-05-24,9.5,Мин. температура
3293,24766,1997-07-10,8.1,Мин. температура
3293,24766,1997-08-16,26.6,Макс. температура
3293,24766,1997-08-23,24.4,Макс. температура
3293,24766,1997-09-10,1.0,Мин. температура
3293,24766,1997-09-26,3.4,Макс. температура
3293,24766,1997-12-09,-40.5,Макс. температура
3293,24766,1998-02-02,-47.3,Мин. температура
3293,24766,1998-02-19,-37.1,Мин. температура
3293,24766,1998-03-15,-46.3,Мин. температура
3293,24766,1998-03-25,-27.8,Мин. температура
3293,24766,1995-01-27,-25.4,Макс. температура
3293,24766,1995-02-09,-30.6,Макс. температура
3293,24766,1995-03-13,-21.9,Макс. температура
3293,24766,1995-03-19,-42.3,Мин. температура
3293,24766,1995-06-04,10.2,Мин. температура
3293,24766,1995-07-06,9.0,Мин. температура
3293,24766,1995-09-08,20.3,Макс. температура
3293,24766,1995-09-10,10.9,Макс. температура
3293,24766,1995-09-25,-4.8,Мин. температура
3293,24766,1995-09-26,-7.8,Мин. температура
3293,24766,1995-10-03,4.6,Макс. температура
3293,24766,1995-10-10,-5.6,Мин. температура
3293,24766,1995-10-12,-3.3,Мин. температура
3293,24766,1995-11-26,-42.3,Мин. температура
3293,24766,1996-02-01,-38.5,Макс. температура
3293,24766,1996-02-07,-35.4,Макс. температура
3293,24766,1996-03-22,-15.3,Макс. температура
3293,24766,1996-04-11,-22.0,Мин. температура
3293,24766,1996-05-02,-5.0,Мин. температура
3293,24766,1996-05-22,0.2,Мин. температура
3293,24766,1996-09-04,-1.8,Мин. температура
3293,24766,1996-09-09,11.2,Макс. температура
3293,24766,1996-11-05,-40.0,Макс. температура
3293,24766,1996-11-06,-36.8,Макс. температура
3293,24766,1996-11-13,-41.8,Мин. температура
3293,24766,1996-11-19,-28.2,Мин. температура
3293,24766,1996-11-23,-32.1,Мин. температура
3293,24766,1996-12-04,-44.9,Мин. температура
3293,24766,1997-01-03,-40.0,Мин. температура
3293,24766,1997-01-18,-47.9,Макс. температура
3293,24766,1997-02-07,-26.8,Макс. температура
3293,24766,1997-02-12,-31.4,Макс. температура
3293,24766,1997-02-25,-28.3,Макс. температура
3293,24766,1997-04-09,-9.2,Мин. температура
3293,24766,1997-05-03,8.8,Макс. температура
3293,24766,1997-05-11,11.2,Макс. температура
3293,24766,1997-05-21,5.9,Мин. температура
3293,24766,1997-07-22,28.2,Макс. температура
3293,24766,1997-08-16,19.2,Мин. температура
3293,24766,1997-09-18,-3.8,Мин. температура
3293,24766,1997-10-18,-2.0,Мин. температура
3293,24766,1997-11-02,-11.2,Макс. температура
3293,24766,1997-11-14,-20.0,Макс. температура
3293,24766,1997-11-20,-37.8,Макс. температура
3293,24766,1997-12-07,-36.5,Макс. температура
3293,24766,1997-12-17,-55.9,Мин. температура
3293,24766,1998-01-29,-47.0,Мин. температура
3293,24766,1995-02-05,-41.0,Мин. температура
3293,24766,1995-02-09,-45.0,Мин. температура
3293,24766,1995-04-13,-2.1,Макс. температура
3293,24766,1995-05-28,6.0,Мин. температура
3293,24766,1995-07-27,13.6,Мин. температура
3293,24766,1995-08-29,16.8,Макс. температура
3293,24766,1995-10-29,-9.0,Макс. температура
3293,24766,1995-12-03,-29.8,Макс. температура
3293,24766,1995-12-27,-31.2,Макс. температура
3293,24766,1996-01-10,-32.1,Мин. температура
3293,24766,1996-02-15,-54.5,Мин. температура
3293,24766,1996-03-17,-13.6,Макс. температура
3293,24766,1996-03-23,-38.0,Мин. температура
3293,24766,1996-03-28,-8.3,Макс. температура
3293,24766,1996-05-20,0.6,Мин. температура
3293,24766,1996-05-22,11.3,Макс. температура
3293,24766,1996-05-28,-2.6,Мин. температура
3293,24766,1996-05-29,1.8,Мин. температура
3293,24766,1996-09-02,7.8,Макс. температура
3293,24766,1996-10-25,-2.7,Макс. температура
3293,24766,1996-11-01,-37.7,Мин. температура
3293,24766,1996-11-11,-45.2,Мин. температура
3293,24766,1997-01-07,-25.5,Макс. температура
3293,24766,1997-02-02,-22.9,Макс. температура
3293,24766,1997-02-18,-29.9,Макс. температура
3293,24766,1997-03-27,-12.6,Макс. температура
3293,24766,1997-03-28,-11.9,Макс. температура
3293,24766,1997-04-25,-3.7,Мин. температура
3293,24766,1997-04-30,9.4,Макс. температура
3293,24766,1997-05-13,-5.9,Мин. температура
3293,24766,1997-08-05,25.6,Макс. температура
3293,24766,1997-08-07,20.2,Мин. температура
3293,24766,1997-08-24,13.4,Мин. температура
3293,24766,1997-09-24,0.4,Мин. температура
3293,24766,1997-10-10,-11.4,Макс. температура
3293,24766,1997-11-04,-14.1,Мин. температура
3293,24766,1997-12-11,-43.4,Макс. температура
3293,24766,1998-02-04,-37.4,Макс. температура
3293,24766,1998-02-17,-25.3,Макс. температура
3293,24766,1995-01-26,-25.0,Макс. температура
3293,24766,1995-03-16,-18.5,Макс. температура
3293,24766,1995-04-17,4.0,Макс. температура
3293,24766,1995-04-19,-13.0,Мин. температура
3293,24766,1995-04-20,3.5,Макс. температура
3293,24766,1995-05-29,1.5,Мин. температура
3293,24766,1995-06-16,24.3,Макс. температура
3293,24766,1995-08-27,25.3,Макс. температура
3293,24766,1995-09-17,-9.5,Мин. температура
3293,24766,1995-12-04,-25.8,Макс. температура
3293,24766,1996-03-25,-11.8,Макс. температура
3293,24766,1996-04-06,-12.2,Мин. температура
3293,24766,1996-04-15,-19.4,Мин. температура
3293,24766,1996-05-04,2.2,Мин. температура
3293,24766,1996-05-06,12.3,Макс. температура
3293,24766,1996-09-21,10.4,Макс. температура
3293,24766,1996-09-21,-3.0,Мин. температура
3293,24766,1996-09-24,10.4,Макс. температура
3293,24766,1996-10-04,-8.8,Мин. температура
3293,24766,1996-10-20,-7.6,Мин. температура
3293,24766,1996-10-30,-38.2,Мин. температура
3293,24766,1996-10-31,-20.0,Макс. температура
3293,24766,1996-12-19,-47.8,Мин. температура
3293,24766,1996-12-21,-47.5,Макс. температура
3293,24766,1997-01-02,-31.8,Макс. температура
3293,24766,1997-01-04,-35.8,Макс. температура
3293,24766,1997-01-23,-42.8,Макс. температура
3293,24766,1997-02-25,-45.0,Мин. температура
3293,24766,1997-04-03,-29.9,Мин. температура
3293,24766,1997-08-08,29.0,Макс. температура
3293,24766,1997-08-09,17.6,Макс. температура
3293,24766,1997-09-07,2.3,Мин. температура
3293,24766,1997-09-08,8.2,Макс. температура
3293,24766,1997-09-11,8.2,Макс. температура
3293,24766,1997-12-29,-54.8,Мин. температура
3293,24766,1998-01-07,,Макс. температура
3293,24766,1998-01-23,-44.7,Мин. температура
3293,24766,1998-02-23,-44.8,Мин. температура
3293,24766,1998-03-15,-14.0,Макс. температура
3293,24766,1998-03-27,-17.5,Макс. температура
3293,24766,1995-05-23,-2.6,Мин. температура
3293,24766,1995-06-01,1.2,Мин. температура
3293,24766,1995-07-16,1.6,Мин. температура
3293,24766,1995-08-28,1.2,Мин. температура
3293,24766,1995-09-04,16.8,Макс. температура
3293,24766,1996-01-15,-47.8,Мин. температура
3293,24766,1996-01-17,-52.4,Мин. температура
3293,24766,1996-01-29,-36.8,Макс. температура
3293,24766,1996-02-10,-47.1,Мин. температура
3293,24766,1996-02-17,-37.3,Макс. температура
3293,24766,1996-02-17,-54.9,Мин. температура
3293,24766,1996-03-01,-28.7,Макс. температура
3293,24766,1996-03-12,-11.5,Макс. температура
3293,24766,1996-04-03,-22.0,Мин. температура
3293,24766,1996-04-05,-4.8,Макс. температура
3293,24766,1996-04-07,-22.1,Мин. температура
3293,24766,1996-04-24,4.0,Макс. температура
3293,24766,1996-05-23,16.9,Макс. температура
3293,24766,1996-11-02,-29.8,Макс. температура
3293,24766,1996-12-08,-35.7,Макс. температура
3293,24766,1997-01-03,-29.3,Макс. температура
3293,24766,1997-02-22,-48.9,Мин. температура
3293,24766,1997-03-02,-27.2,Макс. температура
3293,24766,1997-03-16,-38.1,Мин. температура
3293,24766,1997-05-29,24.2,Макс. температура
3293,24766,1997-05-31,2.2,Мин. температура
3293,24766,1997-06-18,7.3,Мин. температура
3293,24766,1997-08-15,20.0,Мин. температура
3293,24766,1997-08-22,17.6,Мин. температура
3293,24766,1997-08-27,10.0,Мин. температура
3293,24766,1997-10-26,-8.2,Макс. температура
3293,24766,1997-11-18,-35.4,Макс. температура
3293,24766,1997-12-04,-51.3,Мин. температура
3293,24766,1997-12-06,-44.4,Макс. температура
3293,24766,1997-12-10,-49.0,Мин. температура
3293,24766,1997-12-22,-49.0,Мин. температура
3293,24766,1997-12-23,-49.0,Мин. температура
3293,24766,1998-01-03,,Макс. температура
3293,24766,1998-01-13,-50.0,Мин. температура
3293,24766,1998-03-07,-41.2,Мин. температура
3293,24766,1998-03-18,-36.9,Мин. температура
3293,24766,1995-01-06,-37.4,Макс. температура
3293,24766,1995-04-13,-28.3,Мин. температура
3293,24766,1995-04-22,6.0,Макс. температура
3293,24766,1995-04-29,6.9,Макс. температура
3293,24766,1995-04-29,-7.0,Мин. температура
3293,24766,1995-05-05,-9.2,Мин. температура
3293,24766,1995-05-27,2.1,Мин. температура
3293,24766,1995-06-03,10.4,Мин. температура
3293,24766,1995-06-30,13.2,Мин. температура
3293,24766,1995-07-20,7.4,Мин. температура
3293,24766,1995-07-30,26.1,Макс. температура
3293,24766,1995-09-09,-1.5,Мин. температура
3293,24766,1995-10-31,-10.7,Макс. температура
3293,24766,1995-11-06,-36.9,Мин. температура
3293,24766,1995-11-16,-24.8,Макс. температура
3293,24766,1995-12-15,-43.4,Макс. температура
3293,24766,1996-02-03,-47.0,Мин. температура
3293,24766,1996-02-28,-38.7,Мин. температура
3293,24766,1996-03-04,-22.0,Макс. температура
3293,24766,1996-03-07,-39.5,Мин. температура
3293,24766,1996-03-11,-40.2,Мин. температура
3293,24766,1996-03-12,-38.5,Мин. температура
3293,24766,1996-03-30,-4.0,Макс. температура
3293,24766,1996-04-03,-1.5,Макс. температура
3293,24766,1996-04-06,-3.8,Макс. температура
3293,24766,1996-05-09,-2.3,Мин. температура
3293,24766,1996-10-08,4.6,Макс. температура
3293,24766,1996-12-12,-38.5,Макс. температура
3293,24766,1996-12-27,-43.2,Мин. температура
3293,24766,1997-01-09,-46.9,Мин. температура
3293,24766,1997-03-18,-32.3,Мин. температура
3293,24766,1997-04-12,1.2,Макс. температура
3293,24766,1997-05-02,-5.5,Мин. температура
3293,24766,1997-06-09,24.9,Макс. температура
3293,24766,1997-06-19,6.4,Мин. температура
3293,24766,1997-07-08,25.3,Макс. температура
3293,24766,1997-07-20,6.9,Мин. температура
3293,24766,1997-07-27,9.4,Мин. температура
3293,24766,1997-07-31,25.2,Макс. температура
3293,24766,1997-09-05,9.7,Мин. температура
3293,24766,1997-10-17,1.2,Макс. температура
3293,24766,1997-11-24,-36.7,Мин. температура
3293,24766,1998-01-06,,Мин. температура
3293,24766,1998-01-12,-50.8,Мин. температура
3293,24766,1998-01-29,-40.0,Макс. температура
3293,24766,1998-02-27,-15.0,Макс. температура
3293,24766,1998-03-04,-22.0,Макс. температура
3293,24766,1998-03-08,-16.2,Макс. температура
3293,24766,1998-03-16,-43.1,Мин. температура
3293,24766,1995-01-25,-47.0,Мин. температура
3293,24766,1995-02-15,-26.8,Мин. температура
3293,24766,1995-03-14,-19.1,Макс. температура
3293,24766,1995-05-08,1.9,Мин. температура
3293,24766,1995-05-13,2.7,Мин. температура
3293,24766,1995-05-31,1.2,Мин. температура
3293,24766,1995-06-16,5.1,Мин. температура
3293,24766,1995-06-29,28.4,Макс. температура
3293,24766,1995-10-02,-3.2,Мин. температура
3293,24766,1995-10-14,-15.9,Мин. температура
3293,24766,1995-10-20,-14.2,Мин. температура
3293,24766,1995-10-25,-7.1,Мин. температура
3293,24766,1996-04-04,-25.0,Мин. температура
3293,24766,1996-04-10,-21.8,Мин. температура
3293,24766,1996-11-03,-39.9,Макс. температура
3293,24766,1997-03-07,-23.1,Макс. температура
3293,24766,1997-04-02,-33.8,Мин. температура
3293,24766,1997-04-18,-6.7,Мин. температура
3293,24766,1997-05-13,11.2,Макс. температура
3293,24766,1997-06-04,2.2,Мин. температура
3293,24766,1997-06-22,8.0,Мин. температура
3293,24766,1997-06-23,17.8,Макс. температура
3293,24766,1997-07-28,10.4,Мин. температура
3293,24766,1997-09-15,-0.4,Мин. температура
3293,24766,1997-10-03,,Макс. температура
3293,24766,1997-10-12,-3.9,Макс. температура
3293,24766,1997-10-22,-4.0,Макс. температура
3293,24766,1997-10-31,-10.5,Мин. температура
3293,24766,1997-12-24,-49.3,Мин. температура
3293,24766,1998-01-08,,Макс. температура
3293,24766,1998-01-30,-46.8,Мин. температура
3293,24766,1998-03-31,-26.5,Мин. температура
3293,24766,1995-01-18,-44.0,Макс. температура
3293,24766,1995-01-23,-40.3,Макс. температура
3293,24766,1995-01-31,-38.0,Мин. температура
3293,24766,1995-02-25,-36.4,Мин. температура
3293,24766,1995-03-05,-13.1,Макс. температура
3293,24766,1995-04-30,-8.6,Мин. температура
3293,24766,1995-05-16,3.3,Макс. температура
3293,24766,1995-05-29,22.8,Макс. температура
3293,24766,1995-08-31,20.3,Макс. температура
3293,24766,1995-10-30,-9.4,Макс. температура
3293,24766,1995-11-23,-29.8,Макс. температура
3293,24766,1995-12-07,-44.4,Мин. температура
3293,24766,1995-12-09,-33.8,Макс. температура
3293,24766,1995-12-20,-45.7,Мин. температура
3293,24766,1995-12-24,-41.6,Макс. температура
3293,24766,1995-12-28,-28.0,Макс. температура
3293,24766,1996-02-06,-32.9,Макс. температура
3293,24766,1996-09-07,-6.6,Мин. температура
3293,24766,1996-09-19,-4.4,Мин. температура
3293,24766,1996-10-14,-0.8,Макс. температура
3293,24766,1996-10-25,-19.6,Мин. температура
3293,24766,1996-12-14,-52.1,Макс. температура
3293,24766,1997-01-11,-40.0,Мин. температура
3293,24766,1997-03-13,-39.2,Мин. температура
3293,24766,1997-03-20,-19.6,Мин. температура
3293,24766,1997-05-22,-0.6,Мин. температура
3293,24766,1997-06-18,14.6,Макс. температура
3293,24766,1997-06-25,6.4,Мин. температура
3293,24766,1997-07-01,10.8,Мин. температура
3293,24766,1997-07-17,14.7,Мин. температура
3293,24766,1997-07-22,18.5,Мин. температура
3293,24766,1997-10-13,-16.0,Мин. температура
3293,24766,1998-02-17,-50.0,Мин. температура
3293,24766,1998-02-22,-25.6,Макс. температура
3293,24766,1998-03-24,-22.4,Мин. температура
3293,24766,1995-01-03,-44.7,Мин. температура
3293,24766,1995-03-16,-40.7,Мин. температура
3293,24766,1995-03-24,-10.4,Макс. температура
3293,24766,1995-04-26,-8.2,Мин. температура
3293,24766,1995-08-02,10.4,Мин. температура
3293,24766,1995-09-02,2.6,Мин. температура
3293,24766,1995-10-31,-27.4,Мин. температура
3293,24766,1995-12-06,-28.6,Макс. температура
3293,24766,1996-03-07,-17.6,Макс. температура
3293,24766,1996-03-14,-15.1,Макс. температура
3293,24766,1996-03-27,-9.9,Макс. температура
3293,24766,1996-03-31,-31.0,Мин. температура
3293,24766,1996-04-16,-21.8,Мин. температура
3293,24766,1996-05-04,13.4,Макс. температура
3293,24766,1996-05-18,8.5,Мин. температура
3293,24766,1996-10-02,6.6,Макс. температура
3293,24766,1996-11-21,-13.8,Макс. температура
3293,24766,1996-12-02,-39.8,Мин. температура
3293,24766,1997-01-11,-31.2,Макс. температура
3293,24766,1997-02-08,-49.3,Мин. температура
3293,24766,1997-02-27,-46.7,Мин. температура
3293,24766,1997-04-17,4.6,Макс. температура
3293,24766,1997-05-29,0.4,Мин. температура
3293,24766,1997-06-04,26.7,Макс. температура
3293,24766,1997-06-15,10.7,Мин. температура
3293,24766,1997-07-08,7.3,Мин. температура
3293,24766,1997-07-10,18.9,Макс. температура
3293,24766,1997-11-03,-21.0,Мин. температура
3293,24766,1997-11-15,-34.7,Мин. температура
3293,24766,1997-11-21,-42.1,Макс. температура
3293,24766,1997-11-26,-44.3,Мин. температура
3293,24766,1997-12-08,-33.8,Макс. температура
3293,24766,1997-12-28,-49.8,Мин. температура
3293,24766,1998-01-09,,Мин. температура
3293,24766,1998-01-14,-44.8,Макс. температура
3293,24766,1998-02-09,-33.4,Макс. температура
3293,24766,1998-03-13,-23.7,Макс. температура
3293,24766,1995-01-14,-41.1,Макс. температура
3293,24766,1995-01-17,-43.3,Макс. температура
3293,24766,1995-02-07,-38.5,Мин. температура
3293,24766,1995-03-08,-31.6,Мин. температура
3293,24766,1995-03-18,-25.0,Макс. температура
3293,24766,1995-03-18,-40.8,Мин. температура
3293,24766,1995-03-21,-44.8,Мин. температура
3293,24766,1995-06-10,25.5,Макс. температура
3293,24766,1995-07-04,23.4,Макс. температура
3293,24766,1995-08-04,11.2,Мин. температура
3293,24766,1995-09-06,1.8,Мин. температура
3293,24766,1995-11-20,-29.7,Макс. температура
3293,24766,1995-12-13,-44.6,Мин. температура
3293,24766,1995-12-23,-49.8,Мин. температура
3293,24766,1996-03-16,-36.3,Мин. температура
3293,24766,1996-03-22,-30.7,Мин. температура
3293,24766,1996-04-13,-23.8,Мин. температура
3293,24766,1996-04-23,-2.0,Мин. температура
3293,24766,1996-05-30,10.3,Макс. температура
3293,24766,1996-09-17,-1.4,Мин. температура
3293,24766,1996-10-18,-22.4,Мин. температура
3293,24766,1996-12-03,-35.8,Макс. температура
3293,24766,1997-01-06,-35.9,Макс. температура
3293,24766,1997-01-26,-47.0,Мин. температура
3293,24766,1997-02-04,-43.2,Мин. температура
3293,24766,1997-02-14,-27.8,Макс. температура
3293,24766,1997-02-15,-31.1,Макс. температура
3293,24766,1997-03-05,-47.0,Мин. температура
3293,24766,1997-04-21,4.2,Макс. температура
3293,24766,1997-04-28,2.1,Макс. температура
3293,24766,1997-05-15,-3.2,Мин. температура
3293,24766,1997-05-23,22.9,Макс. температура
3293,24766,1997-06-11,17.5,Макс. температура
3293,24766,1997-06-13,15.5,Макс. температура
3293,24766,1997-06-17,18.6,Макс. температура
3293,24766,1997-07-14,13.0,Мин. температура
3293,24766,1997-08-20,18.4,Макс. температура
3293,24766,1997-09-01,17.8,Макс. температура
3293,24766,1997-09-06,5.4,Мин. температура
3293,24766,1997-09-22,10.0,Макс. температура
3293,24766,1997-10-07,,Макс. температура
3293,24766,1997-11-10,-10.1,Макс. температура
3293,24766,1997-12-19,-55.3,Мин. температура
3293,24766,1998-01-21,-43.9,Мин. температура
3293,24766,1998-01-26,-49.3,Мин. температура
3293,24766,1998-03-10,-11.6,Макс. температура
3293,24766,1998-03-19,-13.7,Макс. температура
3293,24766,1998-03-27,-33.3,Мин. температура
3293,24766,1995-02-06,-36.1,Мин. температура
3293,24766,1995-03-06,-33.0,Мин. температура
3293,24766,1995-03-23,-13.1,Макс. температура
3293,24766,1995-03-30,-33.8,Мин. температура
3293,24766,1995-04-24,4.5,Макс. температура
3293,24766,1995-05-02,-1.2,Мин. температура
3293,24766,1995-05-10,6.5,Макс. температура
3293,24766,1995-05-26,17.9,Макс. температура
3293,24766,1995-07-17,9.6,Мин. температура
3293,24766,1995-08-03,22.7,Макс. температура
3293,24766,1995-08-06,29.9,Макс. температура
3293,24766,1995-09-12,0.4,Мин. температура
3293,24766,1995-09-16,3.0,Макс. температура
3293,24766,1995-10-04,-11.2,Мин. температура
3293,24766,1995-11-28,-40.4,Мин. температура
3293,24766,1995-12-08,-44.2,Мин. температура
3293,24766,1995-12-16,-41.5,Макс. температура
3293,24766,1995-12-19,-45.6,Мин. температура
3293,24766,1996-01-10,-22.9,Макс. температура
3293,24766,1996-01-16,-47.0,Мин. температура
3293,24766,1996-01-24,-54.5,Мин. температура
3293,24766,1996-02-05,-29.8,Макс. температура
3293,24766,1996-04-20,2.4,Макс. температура
3293,24766,1996-05-07,-3.8,Мин. температура
3293,24766,1996-09-01,5.4,Мин. температура
3293,24766,1997-01-26,-41.1,Макс. температура
3293,24766,1997-02-04,-26.6,Макс. температура
3293,24766,1997-03-17,-4.5,Макс. температура
3293,24766,1997-04-07,0.8,Макс. температура
3293,24766,1997-04-08,-19.5,Мин. температура
3293,24766,1997-04-13,-17.4,Мин. температура
3293,24766,1997-05-11,-5.6,Мин. температура
3293,24766,1997-06-07,5.9,Мин. температура
3293,24766,1997-09-11,3.3,Мин. температура
3293,24766,1997-09-12,11.8,Макс. температура
3293,24766,1997-09-22,-4.2,Мин. температура
3293,24766,1997-12-21,-45.4,Макс. температура
3293,24766,1998-01-23,-37.9,Макс. температура
3293,24766,1998-02-26,-32.8,Мин. температура
3293,24766,1998-02-28,-38.0,Мин. температура
3293,24766,1998-03-01,-13.2,Макс. температура
3293,24766,1998-03-17,-30.3,Мин. температура
3293,24766,1995-01-01,-33.8,Макс. температура
3293,24766,1995-02-13,-38.3,Мин. температура
3293,24766,1995-02-20,-17.6,Макс. температура
3293,24766,1995-03-17,-17.5,Макс. температура
3293,24766,1995-05-16,-4.5,Мин. температура
3293,24766,1995-05-24,14.2,Макс. температура
3293,24766,1995-05-25,17.5,Макс. температура
3293,24766,1995-06-07,17.8,Макс. температура
3293,24766,1995-06-23,13.5,Мин. температура
3293,24766,1995-07-14,21.2,Макс. температура
3293,24766,1995-08-06,5.0,Мин. температура
3293,24766,1995-08-16,23.2,Макс. температура
3293,24766,1995-08-21,20.0,Макс. температура
3293,24766,1995-08-22,22.2,Макс. температура
3293,24766,1995-09-03,12.4,Макс. температура
3293,24766,1995-09-09,12.5,Макс. температура
3293,24766,1995-09-23,1.2,Макс. температура
3293,24766,1995-11-08,-22.9,Макс. температура
3293,24766,1995-11-13,-19.3,Макс. температура
3293,24766,1995-11-21,-34.2,Мин. температура
3293,24766,1996-02-16,-55.6,Мин. температура
3293,24766,1996-04-07,-3.2,Макс. температура
3293,24766,1996-05-08,14.9,Макс. температура
3293,24766,1996-09-03,4.0,Мин. температура
3293,24766,1996-10-04,8.8,Макс. температура
3293,24766,1996-10-17,-4.6,Макс. температура
3293,24766,1996-10-22,-13.4,Мин. температура
3293,24766,1997-02-01,-32.5,Мин. температура
3293,24766,1997-03-21,-25.0,Мин. температура
3293,24766,1997-03-22,-12.1,Макс. температура
3293,24766,1997-04-11,-3.4,Макс. температура
3293,24766,1997-04-27,-6.8,Мин. температура
3293,24766,1997-05-17,4.0,Мин. температура
3293,24766,1997-08-21,16.0,Мин. температура
3293,24766,1997-11-02,-15.6,Мин. температура
3293,24766,1997-12-13,-45.8,Мин. температура
3293,24766,1998-03-11,-12.8,Макс. температура
3293,24766,1998-03-23,-9.0,Макс. температура
